time,rating,free_text,do_better,surgery,pcn,sentiment_free_text,sentiment_score_free_text,sentiment_do_better,sentiment_score_do_better,free_text_len,do_better_len,rating_score,feedback_labels,improvement_labels,submission_id,respondent-id,emotion_free_text,emotion_do_better,free_text_PER,do_better_PER,campaing_id,logic,campaign_rating,campaign_freetext,free_text_qa,do_better_qa,,jev_category,jev_score,jev_secondary_topics,jev_secondary_scores,jev_topic_count
8/23/24 15:48,Very good,Booking the appointment and the quality of the medical care were excellent,,The-Chelsea-Practice,Brompton-Health-PCN,positive,0.970303,neutral,0.0,12.0,3,5.0,Overall Excellent Service and Practice,,oQEY9b,BLREpR,admiration,,,,,,,,"{'score': 0.00035001934156753123, 'start': 0, 'end': 74, 'answer': 'Booking the appointment and the quality of the medical care were excellent'}",,,Appointment Availability and Lead Times,0.42,,{},1
6/22/24 21:53,Good,Friendly reception caring doctors and no issues whatsoever,,Stanhope-Mews-Surgery,Brompton-Health-PCN,positive,0.814573,neutral,0.0,8.0,4,4.0,Reception Staff Friendly and Helpful,,from,old_from,neutral,,,,,,,,"{'score': 0.00043575145537033677, 'start': 0, 'end': 58, 'answer': 'Friendly reception caring doctors and no issues whatsoever'}",,,Reception Service,0.76,Staff Kindness and Empathy,"{""Staff Kindness and Empathy"": 0.65}",2
5/9/25 13:21,Very good,I always feel well cared for at my GP Surgery,,The-Abingdon-Medical-Practice,Brompton-Health-PCN,positive,0.952119,neutral,0.0,10.0,0,5.0,"Staff Kindness, Empathy and Compassion",,lbe2lo6,707j22,caring,,,,tel_access25,Yes,4.0,,"{'score': 0.02101384475827217, 'start': 0, 'end': 28, 'answer': 'I always feel well cared for'}",,,Staff Kindness and Empathy,0.76,,{},1
6/27/24 17:09,Very good,The service was smooth effective and polite,,Health-Partners-at-Violet-Melchett,Brompton-Health-PCN,positive,0.923074,neutral,0.0,7.0,0,5.0,Treatment Quality and Effectiveness,,pzPNvq,WM8X8P,admiration,,,,,,,,"{'score': 0.00013751909136772156, 'start': 0, 'end': 43, 'answer': 'The service was smooth effective and polite'}",,,Overall Service and Practice,0.76,,{},1
3/6/24 12:20,Neither good nor poor,Lately it s not easy to get an appointment anymore Changed a Lot,,The-Good-Practice,Brompton-Health-PCN,negative,0.844814,neutral,0.0,12.0,0,3.0,Appointment Availability and Waiting Times,,,,disappointment,,,,,,,,"{'score': 0.0016101030632853508, 'start': 0, 'end': 50, 'answer': 'Lately it s not easy to get an appointment anymore'}",,,Appointment Availability and Lead Times,1.0,,{},1
9/14/26 10:33,Very good,From email to consultation was less than an hour It could not have been faster,,Health-Partners-at-Violet-Melchett,Brompton-Health-PCN,negative,0.537547,neutral,0.0,15.0,4,5.0,Overall Excellent Service and Practice,,rDpPv5v,1A0Drxb,neutral,,,,accurx26,Yes,5.0,It’s efficient,"{'score': 4.559581429930404e-05, 'start': 49, 'end': 78, 'answer': 'It could not have been faster'}",,,Appointment Availability and Lead Times,0.97,,{},1
6/20/24 13:42,Very good,My doctor PERSON took the time to explain my concerns in great detail She prompted me to get a blood test based on my eating habits and allayed any fears that I had,There was a mixup with the booking I boooked a surgery appointment I have the screenshot as evidence but for some reason it was regarded as a telephone booking I was in the surgery at the time and the Doctor was gracious enough to take me,Stanhope-Mews-Surgery,Brompton-Health-PCN,positive,0.493952,neutral,0.705404,34.0,46,5.0,Excellent Clinical Care and Thorough Explanation,Appointment Booking and Online Systems,from,old_from,neutral,neutral,['Anna Cantalay'],,,,,,"{'score': 0.04012701287865639, 'start': 0, 'end': 69, 'answer': 'My doctor PERSON took the time to explain my concerns in great detail'}","{'score': 0.038806647062301636, 'start': 0, 'end': 34, 'answer': 'There was a mixup with the booking'}",,Consultation Communication and Listening,0.99,"Tests, Investigations and Results | Staff Kindness and Empathy | Staff Professionalism and Knowledge | Patient Information and Education","{""Patient Information and Education"": 0.89, ""Staff Kindness and Empathy"": 0.63, ""Staff Professionalism and Knowledge"": 0.71, ""Tests, Investigations and Results"": 0.6}",5
7/17/25 9:30,Very good,Dr PERSON was very quick to deal with my problem and giving the right medication Thank you,,Stanhope-Mews-Surgery,Brompton-Health-PCN,positive,0.885716,neutral,0.0,17.0,1,5.0,Staff Professionalism and Knowledge,,OD0jpG8,2p2aKM,gratitude,,['Bradford'],,tel_access25,Yes,3.0,Sometimes the waiting it’s a bit too long ,"{'score': 0.007657758891582489, 'start': 0, 'end': 9, 'answer': 'Dr PERSON'}",,,Treatment Effectiveness and Safety,0.88,Prescriptions and Medication Management,"{""Prescriptions and Medication Management"": 0.77}",2
12/30/25 23:16,Very good,the doctor who saw me on that day gave me enough time to listen to all my problems I had on my health,,The-Good-Practice,Brompton-Health-PCN,neutral,0.648924,neutral,0.0,23.0,0,5.0,Excellent Clinical Care and Thorough Explanation,,NpNkg90,pbO4XME,neutral,,,,admin25,Yes,5.0,,"{'score': 0.00026071665342897177, 'start': 74, 'end': 101, 'answer': 'problems I had on my health'}",,,Consultation Communication and Listening,1.0,Staff Kindness and Empathy,"{""Staff Kindness and Empathy"": 0.63}",2
7/18/25 17:05,Very good,Your exceptional service deserves recognition I would call you a hero Thank you for your dedication,Nothing I am truly grateful for this service Thank you,Earls-Court-Medical-Centre,Brompton-Health-PCN,positive,0.968575,positive,0.970936,16.0,10,5.0,Overall Excellent Service and Practice,Overall Excellent Service and Practice,1AERZJQ,P7MzVQ,gratitude,gratitude,,,tel_access25,Yes,5.0,Swift action. just one click and you can seize the opportunity to book your appointment.,"{'score': 0.004151138477027416, 'start': 89, 'end': 99, 'answer': 'dedication'}","{'score': 0.01165531575679779, 'start': 0, 'end': 7, 'answer': 'Nothing'}",,Overall Service and Practice,0.81,,{},1
5/23/26 14:33,Very good,I am very grateful and happy for all service,,Earls-Court-Medical-Centre,Brompton-Health-PCN,positive,0.984529,neutral,0.0,9.0,3,5.0,Overall Excellent Service and Practice,,Vp0DeGE,rjJXoJ5,gratitude,,,,digital26,No,5.0,,"{'score': 0.0015273586614057422, 'start': 10, 'end': 18, 'answer': 'grateful'}",,,Overall Service and Practice,0.99,,{},1
10/31/24 11:52,Very good,I used Patches at Midday Had a face to face appointment 2 hours later and was immediately reassured that there was no issue to worry about My appointment was also on time,,Health-Partners-at-Violet-Melchett,Brompton-Health-PCN,positive,0.641165,neutral,0.0,32.0,2,5.0,Reception Staff Friendly and Helpful,,NNAqgl,xlMDBE,neutral,,,,flu_campaign_24,No,0.0,,"{'score': 0.006274957675486803, 'start': 105, 'end': 170, 'answer': 'there was no issue to worry about My appointment was also on time'}",,,"Tests, Investigations and Results",0.63,,{},1
11/26/25 22:54,Very good,Iam so happy with my doctor l been with her long time and always very helpful and as long time with my Gp registered,,Stanhope-Mews-Surgery,Brompton-Health-PCN,positive,0.983751,neutral,0.0,24.0,0,5.0,Excellent Clinical Care and Thorough Explanation,,eqja8P0,ODXXLxp,joy,,,,admin25,No,0.0,,"{'score': 0.014803880825638771, 'start': 7, 'end': 27, 'answer': 'happy with my doctor'}",,,Follow-up and Continuity of Care,0.47,,{},1
1/23/25 11:12,Very good,Very good and caring all the Dr and stuff,,Stanhope-Mews-Surgery,Brompton-Health-PCN,positive,0.95803,neutral,0.0,9.0,1,5.0,Overall Excellent Service and Practice,,,,admiration,,,,,,,,"{'score': 0.0012664615642279387, 'start': 0, 'end': 41, 'answer': 'Very good and caring all the Dr and stuff'}",,,Staff Kindness and Empathy,0.98,,{},1
8/25/26 9:29,Very good,For the two years since I joined the practice your responses from reception staff to doctors to diagnosis to joint patient Dr treatment decision and its implementation have been extraornarily excellent 81 years since 45or 49,NHS video in waiting room a disgrace Needs to be non verbal in colour action theme Presently wordy boring non engaging,Kensington-Park-Medical-Centre,Brompton-Health-PCN,positive,0.943381,negative,0.924496,36.0,24,5.0,Excellent Clinical Care and Thorough Explanation,Waiting Time in Surgery / Waiting Room,BE0RdyR,PdLpYoV,admiration,disappointment,,,accurx26,No,,,"{'score': 0.024983683601021767, 'start': 178, 'end': 201, 'answer': 'extraornarily excellent'}","{'score': 6.294167542364448e-05, 'start': 37, 'end': 59, 'answer': 'Needs to be non verbal'}",,Overall Service and Practice,0.72,,{},1
6/23/24 18:38,Very good,Long time patient Reception staff and nurses helpful friendly Dr PERSON is amazing,Obviously more available appointments but I know that isn t possible Thanks for all you do,Stanhope-Mews-Surgery,Brompton-Health-PCN,positive,0.967796,neutral,0.433196,14.0,15,5.0,Reception Staff Friendly and Helpful,Appointment Availability and Waiting Times,from,old_from,admiration,gratitude,['Duke'],,,,,,"{'score': 0.0007582800462841988, 'start': 0, 'end': 82, 'answer': 'Long time patient Reception staff and nurses helpful friendly Dr PERSON is amazing'}","{'score': 0.14762327075004578, 'start': 10, 'end': 37, 'answer': 'more available appointments'}",,Reception Service,0.66,Staff Kindness and Empathy,"{""Staff Kindness and Empathy"": 0.75}",2
6/1/25 16:38,Good,Twice now weeks apart the doctor prescribed a new medicine and said they would alert my local pharmacy Zafash of the prescription On the first occasion either the GP or desk staff did not alert Zafash until the next day On the most recent occasion this week the doctor did not recall to alert Zafash I had to ring the surgery again near 6 30pm on Friday evening and only then got the duty doctor to tell Zafash about the new prescription,Making sure the GPs do really alert my pharmacy Zafash immediately after the session so I might collect the meds in 2 hours or the next day Also make the lines of communication tighter so when I need a follow up chat with the GP they will ring me at a specified time Follow up chats are often necessary to discuss the outcome of a urine or blood test and see where the treatment is to go These follow ups should be made easier to access Where possible continuity with the same GP who knows the case should be easier,Health-Partners-at-Violet-Melchett,Brompton-Health-PCN,neutral,0.593167,neutral,0.813145,81.0,99,4.0,Prescriptions and Repeat Medication Issues,Follow-up and Continuity of Care,WOz1Olj,4Vdp4B,neutral,neutral,,,tel_access25,Yes,3.0,"The recorded pre-amble on the phone is too long. Could the phoner not get to a ringing phone at the other end quicker.
Sometimes I have waited for 30 minutes working down the queue. But I know you are very busy.. ","{'score': 0.0019899022299796343, 'start': 258, 'end': 299, 'answer': 'the doctor did not recall to alert Zafash'}","{'score': 0.021393056958913803, 'start': 452, 'end': 515, 'answer': 'continuity with the same GP who knows the case should be easier'}",,Prescriptions and Medication Management,1.0,,{},1
8/24/24 12:38,Good,Your form does not make clear which treatment it refers to but my general experience of the GP s practice is Good,except for the numerous forms floating around these days which are tedious to fill in especially the inefficient PATCHES such an ambiguous website with a very stupid name,Stanhope-Mews-Surgery,Brompton-Health-PCN,neutral,0.6646,negative,0.934674,21.0,30,4.0,Irrelevant / Unclassifiable / Noise,Irrelevant / Unclassifiable / Noise,XyJ9Yd,61lRMk,admiration,annoyance,,,,,,,"{'score': 0.007231349125504494, 'start': 63, 'end': 113, 'answer': 'my general experience of the GP s practice is Good'}","{'score': 0.006164884194731712, 'start': 15, 'end': 29, 'answer': 'numerous forms'}",,Overall Service and Practice,0.57,,{},1
3/18/26 17:50,Very good,I was treated with courtesy and professionally,,The-Good-Practice,Brompton-Health-PCN,positive,0.676778,neutral,0.0,7.0,2,5.0,Treatment Quality and Effectiveness,,jeD7556,81KPdgl,neutral,,,,admin25,Yes,5.0,"When the nurse said my blood pressure had dropped, I was greatly relieved and very grateful.","{'score': 0.00023552386846859008, 'start': 0, 'end': 46, 'answer': 'I was treated with courtesy and professionally'}",,,Staff Professionalism and Knowledge,0.76,,{},1
5/14/26 15:33,Very good,The receptionist gentleman who answered the phone was first class Helpful and understanding He followed through and solved the problem I had,The Doctor s response was not adequate The receptionist I spoke to took over and handled everything perfectly,Health-Partners-at-Violet-Melchett,Brompton-Health-PCN,positive,0.82246,negative,0.465439,22.0,17,5.0,Reception Staff Friendly and Helpful,Reception Staff Friendly and Helpful,ArLl9ZB,5BebXMZ,neutral,disapproval,,,digital26,No,,,"{'score': 0.00015937662101350725, 'start': 0, 'end': 91, 'answer': 'The receptionist gentleman who answered the phone was first class Helpful and understanding'}","{'score': 0.07832224667072296, 'start': 39, 'end': 55, 'answer': 'The receptionist'}",,Reception Service,1.0,Staff Kindness and Empathy,"{""Staff Kindness and Empathy"": 0.76}",2
3/29/24 11:58,Very good,I ve used this surgery for many years and have always found the staff to be helpful and proactive,I used PATCHS for the first time on this occasion I received an email saying Request Complete last Tuesday but have not yet received an email to confirm the outcome of the request,Earls-Court-Surgery,Brompton-Health-PCN,positive,0.950405,neutral,0.817162,18.0,33,5.0,Staff Professionalism and Knowledge,Follow-up and Continuity of Care,,,approval,neutral,,,,,,,"{'score': 0.011388218961656094, 'start': 60, 'end': 97, 'answer': 'the staff to be helpful and proactive'}","{'score': 0.003712616628035903, 'start': 116, 'end': 179, 'answer': 'not yet received an email to confirm the outcome of the request'}",,Staff Professionalism and Knowledge,0.87,,{},1
4/21/26 12:31,Very good,Quick dealt with question quickly and decisively,Not that I can think of,Stanhope-Mews-Surgery,Brompton-Health-PCN,positive,0.588059,neutral,0.745839,7.0,6,5.0,Rushed Consultation or Not Listened To,Irrelevant / Unclassifiable / Noise,je66KGJ,ja0LOA9,neutral,neutral,,,digital26,Yes,5.0,,"{'score': 8.558954434079169e-09, 'start': 0, 'end': 48, 'answer': 'Quick dealt with question quickly and decisively'}","{'score': 0.0005487619200721383, 'start': 0, 'end': 3, 'answer': 'Not'}",,Consultation Communication and Listening,0.19,,{},1
8/4/25 19:05,Very good,an evening appointment was booked for me and the doctor shared plans and booked relevant pills to best alleviate leg pain due to lumbar spine problem Many thanks PERSON he also shared these plans with you,if you had this expertise in house if i was able to see the same doctor each time,Health-Partners-at-Violet-Melchett,Brompton-Health-PCN,positive,0.763739,neutral,0.769091,36.0,18,5.0,Staff Professionalism and Knowledge,Follow-up and Continuity of Care,BzQL7BR,21Oe0b,gratitude,neutral,['Hope'],,tel_access25,No,0.0,,"{'score': 0.000898518308531493, 'start': 129, 'end': 149, 'answer': 'lumbar spine problem'}","{'score': 0.08061514049768448, 'start': 35, 'end': 81, 'answer': 'if i was able to see the same doctor each time'}",,Treatment Effectiveness and Safety,0.73,Prescriptions and Medication Management | Patient Information and Education,"{""Patient Information and Education"": 0.65, ""Prescriptions and Medication Management"": 0.73}",3
2/5/26 1:41,Very good,The doctor was really patient listened to all of my comcerns and already sorted further management of my medical complaint reception was also great Did not rush in any way at all,,The-Good-Practice,Brompton-Health-PCN,positive,0.862978,neutral,0.0,32.0,1,5.0,Excellent Clinical Care and Thorough Explanation,,Me0eMLp,RGzapRl,admiration,,,,admin25,Yes,5.0,,"{'score': 0.001988572534173727, 'start': 148, 'end': 178, 'answer': 'Did not rush in any way at all'}",,,Consultation Communication and Listening,1.0,Reception Service | Staff Kindness and Empathy,"{""Reception Service"": 0.89, ""Staff Kindness and Empathy"": 0.67}",3
10/15/25 10:40,Very good,Excellent service Kind caring and efficient Many thanks,,Health-Partners-at-Violet-Melchett,Brompton-Health-PCN,positive,0.96742,neutral,0.0,8.0,1,5.0,Overall Excellent Service and Practice,,2ERaPOg,kdb2Z2J,gratitude,,,,needs_met25,Yes,5.0,"I found the GP very helpful, understanding and knowledgeable.  ","{'score': 0.026299038901925087, 'start': 44, 'end': 55, 'answer': 'Many thanks'}",,,Staff Kindness and Empathy,0.61,,{},1
9/14/26 12:46,Very good,I saw Dr PERSON for the first time today He listened considered and discussed his opinion with me Very helpful consultation,,Health-Partners-at-Violet-Melchett,Brompton-Health-PCN,positive,0.94014,neutral,0.0,21.0,1,5.0,Excellent Clinical Care and Thorough Explanation,,6D92OLO,XxBArRY,approval,,['Pramanik'],,accurx26,No,,,"{'score': 4.52155145467259e-05, 'start': 6, 'end': 89, 'answer': 'Dr PERSON for the first time today He listened considered and discussed his opinion'}",,,Consultation Communication and Listening,1.0,,{},1
6/4/26 21:36,Very good,Excellent service Dr PERSON very helpful and understanding,,Health-Partners-at-Violet-Melchett,Brompton-Health-PCN,positive,0.966665,neutral,0.0,8.0,0,5.0,Excellent Clinical Care and Thorough Explanation,,kbA69RJ,vGd7OB0,admiration,,['Rees'],,digital26,Yes,5.0,,"{'score': 0.0001763065083650872, 'start': 0, 'end': 58, 'answer': 'Excellent service Dr PERSON very helpful and understanding'}",,,Staff Kindness and Empathy,0.61,,{},1
6/20/25 15:36,Very good,The service offered by the Chelsea Practice is head and shoulders above any others I have used or my family use,Only that it would be useful to have more chairs with arms in waiting area I need the help to stand,The-Chelsea-Practice,Brompton-Health-PCN,positive,0.854677,neutral,0.688472,21.0,22,5.0,Overall Excellent Service and Practice,Waiting Time in Surgery / Waiting Room,aQ6zRy2,2W8deg,neutral,neutral,,,tel_access25,Yes,5.0,It is absolutely fine as it is and advises queue number position,"{'score': 0.0049303676933050156, 'start': 47, 'end': 111, 'answer': 'head and shoulders above any others I have used or my family use'}","{'score': 0.06342445313930511, 'start': 10, 'end': 74, 'answer': 'it would be useful to have more chairs with arms in waiting area'}",,Overall Service and Practice,1.0,,{},1
2/28/24 17:06,Very good,The triage phone back system does not work at all well for people with jobs,,Health-Partners-at-Violet-Melchett,Brompton-Health-PCN,negative,0.896328,neutral,0.0,15.0,0,5.0,Telehealth / Phone Consultations,,,,disapproval,,,,,,,,"{'score': 0.006548318546265364, 'start': 59, 'end': 75, 'answer': 'people with jobs'}",,,Telephone Access,0.68,,{},1
7/22/26 5:31,Very good,Dr PERSON is very attentive caring and informative She takes careful and well thought out medical action and I feel heard and well looked after Also the male nurse or medical assistant I saw recently looked after me very well and took blood much better than at the C W hospital,A little more time at appointments perhaps although I understand time is at a premium these days,Stanhope-Mews-Surgery,Brompton-Health-PCN,positive,0.944484,neutral,0.811927,50.0,17,5.0,Excellent Clinical Care and Thorough Explanation,Rushed Consultation or Not Listened To,QoxLbzp,44qyWxX,admiration,neutral,['Standerline'],,accurx26,No,,,"{'score': 0.12648510932922363, 'start': 116, 'end': 143, 'answer': 'heard and well looked after'}","{'score': 0.2542719841003418, 'start': 0, 'end': 34, 'answer': 'A little more time at appointments'}",,Staff Professionalism and Knowledge,0.34,Consultation Communication and Listening | Staff Kindness and Empathy | Patient Information and Education,"{""Consultation Communication and Listening"": 0.81, ""Patient Information and Education"": 0.71, ""Staff Kindness and Empathy"": 0.83}",4
2/8/25 14:03,Very good,My entire journey was agreeable from the signing presents waiting room till seeing the Doctor and eventually leave the Medical centre,I ve got nothing to suggest Regarding this visit in general kaizon way is the must,Kensington-Park-Medical-Centre,Brompton-Health-PCN,positive,0.703462,negative,0.543235,21.0,15,5.0,Overall Excellent Service and Practice,Irrelevant / Unclassifiable / Noise,bPzvP6,A0lZze,approval,neutral,,,nhs_app24,No,0.0,,"{'score': 0.001250080531463027, 'start': 0, 'end': 31, 'answer': 'My entire journey was agreeable'}","{'score': 0.08922324329614639, 'start': 9, 'end': 27, 'answer': 'nothing to suggest'}",,Overall Service and Practice,0.93,,{},1
12/2/24 21:36,Very good,Your people really made an effort andinvestigated and tried to define my problem better,,Health-Partners-at-Violet-Melchett,Brompton-Health-PCN,neutral,0.506455,neutral,0.0,14.0,0,5.0,Excellent Clinical Care and Thorough Explanation,,z52091,WM8X8P,neutral,,,,nhs_app24,No,0.0,,"{'score': 3.948635276174173e-05, 'start': 0, 'end': 80, 'answer': 'Your people really made an effort andinvestigated and tried to define my problem'}",,,Clinical Assessment and Diagnosis,0.98,,{},1
4/2/26 12:04,Neither good nor poor,Very difficult to meet with different doctors,Tell me about my analysis and help me to treatment myself,The-Good-Practice,Brompton-Health-PCN,negative,0.681169,neutral,0.765433,7.0,11,3.0,Appointment Availability and Waiting Times,Telehealth / Phone Consultations,aOOGE4y,44kaPNA,neutral,curiosity,,,admin25,Yes,0.0,,"{'score': 4.22777748099179e-06, 'start': 0, 'end': 45, 'answer': 'Very difficult to meet with different doctors'}","{'score': 0.008062398061156273, 'start': 30, 'end': 57, 'answer': 'help me to treatment myself'}",,Appointment Availability and Lead Times,0.75,,{},1
1/5/26 17:55,Very good,Every member of staff was helpful and knew exactly what they were doing Very impressive Thank you,None I can think of The experience was very good,Kensington-Park-Medical-Centre,Brompton-Health-PCN,positive,0.978052,positive,0.903252,17.0,10,5.0,Staff Professionalism and Knowledge,Irrelevant / Unclassifiable / Noise,vG8KQRd,0kxPWN,gratitude,admiration,,,admin25,Yes,5.0,The staff listen to what you say and behave accordingly. In a good way,"{'score': 0.00012197447358630598, 'start': 0, 'end': 71, 'answer': 'Every member of staff was helpful and knew exactly what they were doing'}","{'score': 0.004317165352404118, 'start': 0, 'end': 48, 'answer': 'None I can think of The experience was very good'}",,Staff Professionalism and Knowledge,1.0,,{},1
1/13/25 16:22,Very good,Reception and phone staff were receptive efficient and polite Phlebotomist is was efficient friendly and professional I was able to see Dr PERSON who has known our family for a long time to examine me for pain I was having for a few days and for consultation re a possible foot infection,To be able to access Dr PERSON or Dr PERSON when necessary,Emperors-Gate-Health-Centre,Brompton-Health-PCN,positive,0.822434,neutral,0.776076,51.0,12,5.0,Telehealth / Phone Consultations,Telehealth / Phone Consultations,aRD1pv,9rgDV1,neutral,neutral,['Stott'],"['Stott', 'Pankhurst']",nhs_app24,Yes,3.0,I’m really not sure.,"{'score': 0.0003048009530175477, 'start': 264, 'end': 287, 'answer': 'possible foot infection'}","{'score': 0.007805872242897749, 'start': 0, 'end': 58, 'answer': 'To be able to access Dr PERSON or Dr PERSON when necessary'}",,Staff Professionalism and Knowledge,0.68,Reception Service,"{""Reception Service"": 0.89}",2
11/6/24 7:41,Very good,The team is always professional and polite abd would go out of their way to help the patients,I believe the team is doing their utmost with the resources they have,Stanhope-Mews-Surgery,Brompton-Health-PCN,positive,0.914937,positive,0.885138,18.0,13,5.0,Staff Professionalism and Knowledge,Staff Professionalism and Knowledge,10gKeO,WjeA4Q,admiration,admiration,,,flu_campaign_24,No,0.0,,"{'score': 0.00937468372285366, 'start': 0, 'end': 42, 'answer': 'The team is always professional and polite'}","{'score': 0.0010184654965996742, 'start': 50, 'end': 59, 'answer': 'resources'}",,Staff Professionalism and Knowledge,0.82,Staff Kindness and Empathy,"{""Staff Kindness and Empathy"": 0.66}",2
4/1/25 12:30,Good,Was perfect the doctor guide me in y medical matters,,Health-Partners-at-Violet-Melchett,Brompton-Health-PCN,positive,0.9525,neutral,0.0,10.0,0,4.0,Excellent Clinical Care and Thorough Explanation,,444dqZb,DElaPj,admiration,,,,nhs_app24,No,0.0,,"{'score': 0.0001092961902031675, 'start': 4, 'end': 52, 'answer': 'perfect the doctor guide me in y medical matters'}",,,Consultation Communication and Listening,0.54,,{},1
4/1/25 14:00,Very good,Everyone I have seen in regards have treated me with respect I explained all next steps clearly,,Health-Partners-at-Violet-Melchett,Brompton-Health-PCN,positive,0.665298,neutral,0.0,17.0,3,5.0,Excellent Clinical Care and Thorough Explanation,,lbbZPd6,9gzAxV,approval,,,,nhs_app24,Yes,5.0,Would love to be able to read all scan results and what various consultants etc have reported.,"{'score': 0.014673538506031036, 'start': 61, 'end': 95, 'answer': 'I explained all next steps clearly'}",,,"Respect, Dignity, Privacy and Inclusion",0.52,Patient Information and Education,"{""Patient Information and Education"": 0.73}",2
3/10/24 14:03,Good,Logging on to the web site takes far too many screens navigation is repeitive and does not take to where I expect I use the phone again for repeat prescriptions,,Stanhope-Mews-Surgery,Brompton-Health-PCN,negative,0.75449,neutral,0.0,29.0,0,4.0,Prescriptions and Repeat Medication Issues,,,,neutral,,,,,,,,"{'score': 0.00031826566555537283, 'start': 0, 'end': 53, 'answer': 'Logging on to the web site takes far too many screens'}",,,Digital Booking and Online Systems,0.91,,{},1
1/23/25 11:27,Very good,Much better than others I reckon,,Stanhope-Mews-Surgery,Brompton-Health-PCN,positive,0.900799,neutral,0.0,6.0,5,5.0,Treatment Quality and Effectiveness,,,,admiration,,,,,,,,"{'score': 9.73715850705048e-06, 'start': 0, 'end': 23, 'answer': 'Much better than others'}",,,Overall Service and Practice,0.93,,{},1
3/25/24 20:15,Good,Because despite the fact that most GP rarely offer a face to face appointments in Earl s Court Medical Centre they managed to get you one although later than what one would wish to have,Hopefully earlier appointments available when needed,Earls-Court-Medical-Centre,Brompton-Health-PCN,neutral,0.69858,positive,0.581602,35.0,6,4.0,Appointment Availability and Waiting Times,Appointment Availability and Waiting Times,,,neutral,optimism,,,,,,,"{'score': 0.038302138447761536, 'start': 8, 'end': 78, 'answer': 'despite the fact that most GP rarely offer a face to face appointments'}","{'score': 0.015546726994216442, 'start': 10, 'end': 52, 'answer': 'earlier appointments available when needed'}",,Appointment Availability and Lead Times,1.0,Waiting Time at the Surgery,"{""Waiting Time at the Surgery"": 0.7}",2
6/29/26 8:20,Good,It was good on time and quick,,The-Good-Practice,Brompton-Health-PCN,positive,0.955499,neutral,0.0,7.0,0,4.0,Overall Excellent Service and Practice,,X5YRDoe,jaE6419,approval,,,,digital26,Yes,5.0,,"{'score': 3.421511792112142e-05, 'start': 0, 'end': 29, 'answer': 'It was good on time and quick'}",,,Waiting Time at the Surgery,0.86,,{},1
9/17/24 10:38,Very good,My health concerns were addressed with great care and charm And tests arranged quickly I was Extremely happy with my consultation and after care,No 10 out of 10 the NHS is alive and thriving at VM,Health-Partners-at-Violet-Melchett,Brompton-Health-PCN,positive,0.955242,positive,0.638026,24.0,13,5.0,Excellent Clinical Care and Thorough Explanation,Overall Excellent Service and Practice,LN2pxO,L5RxEO,joy,neutral,,,,,,,"{'score': 0.012492089532315731, 'start': 93, 'end': 144, 'answer': 'Extremely happy with my consultation and after care'}","{'score': 2.1931296942057088e-05, 'start': 0, 'end': 51, 'answer': 'No 10 out of 10 the NHS is alive and thriving at VM'}",,Consultation Communication and Listening,0.37,Staff Kindness and Empathy,"{""Staff Kindness and Empathy"": 0.63}",2
3/31/26 9:19,Very good,I was able to fix the issue with my prescription,,Earls-Court-Surgery,Brompton-Health-PCN,neutral,0.574082,neutral,0.0,10.0,1,5.0,Prescriptions and Repeat Medication Issues,,8N1vr55,1AJrqY4,approval,,,,admin25,Yes,5.0,Admin staff listened to my problem and were able to get me an appointment on time.,"{'score': 1.2040171895932872e-05, 'start': 36, 'end': 48, 'answer': 'prescription'}",,,Prescriptions and Medication Management,1.0,,{},1
10/22/25 15:21,Poor,I had an appointment with the same GP and then she made another appointment that I was waiting more than 2 weeks with the same GP just to let me know that she has to refer me to another doctor So 2 appointments just to tell me that someone alse has to see me,Yes make proper diagnose from the first visit or if you can t just make referal from that appointment please,Health-Partners-at-Violet-Melchett,Brompton-Health-PCN,negative,0.538754,neutral,0.738266,54.0,19,2.0,Staff Professionalism and Knowledge,Staff Professionalism and Knowledge,q4gZaeY,zpeEvZ,neutral,neutral,,,admin25,No,0.0,,"{'score': 0.19354380667209625, 'start': 232, 'end': 258, 'answer': 'someone alse has to see me'}","{'score': 0.09650228917598724, 'start': 4, 'end': 24, 'answer': 'make proper diagnose'}",,Appointment Availability and Lead Times,0.66,"Waiting Time at the Surgery | Referral, Specialist and Hospital Coordination | Follow-up and Continuity of Care","{""Follow-up and Continuity of Care"": 0.67, ""Referral, Specialist and Hospital Coordination"": 0.73, ""Waiting Time at the Surgery"": 0.83}",4
4/21/26 15:47,Very good,Very good people and great service,,Stanhope-Mews-Surgery,Brompton-Health-PCN,positive,0.965486,neutral,0.0,6.0,1,5.0,Overall Excellent Service and Practice,,bZjWkZE,1Abvo04,admiration,,,,digital26,Yes,5.0,,"{'score': 0.013103345409035683, 'start': 0, 'end': 34, 'answer': 'Very good people and great service'}",,,Overall Service and Practice,0.51,,{},1
10/31/24 9:06,Good,Because l did not have to wait,,Stanhope-Mews-Surgery,Brompton-Health-PCN,neutral,0.598869,neutral,0.0,7.0,1,4.0,Appointment Availability and Waiting Times,,10lOx1,GQKGYj,neutral,,,,flu_campaign_24,Yes,5.0,Did not have to wait - did not feel needle,"{'score': 0.4294774830341339, 'start': 0, 'end': 30, 'answer': 'Because l did not have to wait'}",,,Waiting Time at the Surgery,0.8,Appointment Availability and Lead Times,"{""Appointment Availability and Lead Times"": 0.72}",2
10/24/24 14:21,Very good,Always get a quick appointments Staff are very efficient and polite Doctors are very helpful,,Emperors-Gate-Health-Centre,Brompton-Health-PCN,positive,0.97025,neutral,0.0,15.0,1,5.0,Overall Excellent Service and Practice,,oZZdvN,VbWBqJ,admiration,,,,flu_campaign_24,No,0.0,,"{'score': 0.02314852550625801, 'start': 0, 'end': 31, 'answer': 'Always get a quick appointments'}",,,Appointment Availability and Lead Times,0.51,Waiting Time at the Surgery,"{""Waiting Time at the Surgery"": 0.61}",2
3/18/24 19:29,Poor,Doctors seem to change Unlikelyly regularly so hard to have a practitioner who knows you,,Stanhope-Mews-Surgery,Brompton-Health-PCN,negative,0.543964,neutral,0.0,15.0,0,2.0,Staff Professionalism and Knowledge,,,,neutral,,,,,,,,"{'score': 0.008219683542847633, 'start': 0, 'end': 43, 'answer': 'Doctors seem to change Unlikelyly regularly'}",,,Follow-up and Continuity of Care,1.0,,{},1
5/29/24 5:57,Very poor,Is never the same doctor and the last one didn t give me some thing to help with my sinusite that I have from 3 months and is getting worst I did ask to be check from a specialist ENT But it never happen,To take more care when a patience is sick and send the person to a specialist if feeling not well I still need a specialist ENT to check me properly and give me the right treatment,Health-Partners-at-Violet-Melchett,Brompton-Health-PCN,negative,0.918451,neutral,0.529463,45.0,37,1.0,Treatment Quality and Effectiveness,Staff Professionalism and Knowledge,WjM7qN,dlJZkz,disappointment,caring,,,,,,,"{'score': 0.0008719495381228626, 'start': 0, 'end': 24, 'answer': 'Is never the same doctor'}","{'score': 0.022738464176654816, 'start': 46, 'end': 77, 'answer': 'send the person to a specialist'}",,"Referral, Specialist and Hospital Coordination",0.57,Prescriptions and Medication Management | Follow-up and Continuity of Care | Clinical Assessment and Diagnosis | Treatment Effectiveness and Safety,"{""Clinical Assessment and Diagnosis"": 0.7, ""Follow-up and Continuity of Care"": 0.86, ""Prescriptions and Medication Management"": 0.7, ""Treatment Effectiveness and Safety"": 0.77}",5
10/20/24 16:02,Very good,Because everything went to plan and I was seen on time and the doctor phoned at the appointed time I was able to ask questions as a result of which the dr made an appointment for me to see a cardiologist,Face to face experience is always better than a phone call,Health-Partners-at-Violet-Melchett,Brompton-Health-PCN,positive,0.734196,positive,0.736529,41.0,11,5.0,Telehealth / Phone Consultations,Telehealth / Phone Consultations,jr92pa,lY405k,neutral,approval,,,flu_campaign_24,Yes,5.0,I went to Boots as it is just across the road from my flat.,"{'score': 0.08474516123533249, 'start': 8, 'end': 31, 'answer': 'everything went to plan'}","{'score': 0.2553441524505615, 'start': 0, 'end': 12, 'answer': 'Face to face'}",,"Referral, Specialist and Hospital Coordination",0.65,,{},1
10/3/25 12:49,Very good,Friendly kind very professional and efficient staff both reception medical,,Health-Partners-at-Violet-Melchett,Brompton-Health-PCN,positive,0.943888,neutral,0.0,11.0,2,5.0,Reception Staff Friendly and Helpful,,81MbG85,pbbjgY8,admiration,,,,needs_met25,No,0.0,,"{'score': 0.001214155345223844, 'start': 0, 'end': 51, 'answer': 'Friendly kind very professional and efficient staff'}",,,Staff Professionalism and Knowledge,0.63,Staff Kindness and Empathy,"{""Staff Kindness and Empathy"": 0.79}",2
3/12/24 2:29,Neither good nor poor,Only recently registered as new patient as surgery is easier to get to,,The-Abingdon-Medical-Practice,Brompton-Health-PCN,neutral,0.669232,neutral,0.0,13.0,0,3.0,Appointment Availability and Waiting Times,,,,neutral,,,,,,,,"{'score': 0.0038289043586701155, 'start': 43, 'end': 70, 'answer': 'surgery is easier to get to'}",,,Physical Accessibility,0.34,,{},1
10/21/24 10:47,Very good,Quiet surgery clean and friendly staff,,The-Chelsea-Practice,Brompton-Health-PCN,positive,0.929757,neutral,0.0,6.0,0,5.0,Overall Excellent Service and Practice,,ZAPXEa,DxbjWX,neutral,,,,flu_campaign_24,No,0.0,,"{'score': 3.2013003874453716e-06, 'start': 0, 'end': 38, 'answer': 'Quiet surgery clean and friendly staff'}",,,"Facilities, Cleanliness and Environment",0.68,Staff Kindness and Empathy,"{""Staff Kindness and Empathy"": 0.63}",2
7/17/25 9:42,Very good,Because the doctors gave me good advice and agreed that I should have an X Ray when my pain got worse and then came back to me with more good advice when they got the results They also suggested that I pop by the surgery and use the measuring machine for my blood pressure,,Stanhope-Mews-Surgery,Brompton-Health-PCN,positive,0.577949,neutral,0.0,53.0,1,5.0,Excellent Clinical Care and Thorough Explanation,,Pd08djd,reXOr2,approval,,,,tel_access25,No,0.0,,"{'score': 0.11900290101766586, 'start': 8, 'end': 39, 'answer': 'the doctors gave me good advice'}",,,Clinical Assessment and Diagnosis,0.3,"Tests, Investigations and Results | Staff Professionalism and Knowledge | Patient Information and Education","{""Patient Information and Education"": 0.62, ""Staff Professionalism and Knowledge"": 0.65, ""Tests, Investigations and Results"": 0.72}",4
10/25/24 12:57,Very good,I feel my complicated needs are met with patients and respect,,The-Chelsea-Practice,Brompton-Health-PCN,positive,0.491479,neutral,0.0,11.0,1,5.0,"Staff Kindness, Empathy and Compassion",,Nx1xZW,lVgqQX,approval,,,,flu_campaign_24,Yes,5.0,I was called in early ,"{'score': 0.06885988265275955, 'start': 7, 'end': 61, 'answer': 'my complicated needs are met with patients and respect'}",,,"Respect, Dignity, Privacy and Inclusion",0.88,,{},1
9/22/24 16:27,Poor,Was seen by a Health care assistant not a doctor or nurse,Yes seeing a qualified Doctor or nurse instead of someone unqualified The experience caused damage to my Lymphoma,The-Abingdon-Medical-Practice,Brompton-Health-PCN,neutral,0.867938,negative,0.693686,12.0,18,2.0,Telehealth / Phone Consultations,Treatment Quality and Effectiveness,oayQWb,58xe9Q,neutral,sadness,,,,,,,"{'score': 0.00011251758405705914, 'start': 12, 'end': 57, 'answer': 'a Health care assistant not a doctor or nurse'}","{'score': 0.059865452349185944, 'start': 4, 'end': 38, 'answer': 'seeing a qualified Doctor or nurse'}",,Staff Professionalism and Knowledge,0.69,,{},1
2/27/25 13:58,Very good,Doctor saw me on time Was very professional and friendly,,The-Abingdon-Medical-Practice,Brompton-Health-PCN,positive,0.941239,neutral,0.0,10.0,0,5.0,Excellent Clinical Care and Thorough Explanation,,vQXbB8,qePbOk,neutral,,,,nhs_app24,Yes,3.0,I only use it to see results. Not sure if we can book GP appointments. ,"{'score': 1.3181844224163797e-05, 'start': 22, 'end': 56, 'answer': 'Was very professional and friendly'}",,,Staff Professionalism and Knowledge,0.48,Waiting Time at the Surgery,"{""Waiting Time at the Surgery"": 0.77}",2
4/1/25 16:43,Good,Because the GP listened to me and will make a referral and will be happy to give me a face to face appointment for an ongoing issue,If the face to face appointment could have been given during the telephone consultation,Health-Partners-at-Violet-Melchett,Brompton-Health-PCN,positive,0.654077,neutral,0.892186,27.0,14,4.0,Staff Professionalism and Knowledge,Telehealth / Phone Consultations,RGGa2Ed,Da8Y9j,neutral,neutral,,,nhs_app24,No,0.0,,"{'score': 0.08440855890512466, 'start': 8, 'end': 29, 'answer': 'the GP listened to me'}","{'score': 0.14219427108764648, 'start': 0, 'end': 87, 'answer': 'If the face to face appointment could have been given during the telephone consultation'}",,Consultation Communication and Listening,0.74,"Referral, Specialist and Hospital Coordination | Follow-up and Continuity of Care","{""Follow-up and Continuity of Care"": 0.63, ""Referral, Specialist and Hospital Coordination"": 0.62}",3
5/11/24 10:02,Good,The reception was friendly The doctor was attentive and intrested in me as patient and he was kind,,The-Chelsea-Practice,Brompton-Health-PCN,positive,0.933764,neutral,0.0,18.0,4,4.0,Reception Staff Friendly and Helpful,,KWVG9A,O0WB6p,admiration,,,,,,,,"{'score': 0.0014853498432785273, 'start': 0, 'end': 26, 'answer': 'The reception was friendly'}",,,Staff Kindness and Empathy,0.71,Reception Service | Consultation Communication and Listening,"{""Consultation Communication and Listening"": 0.6, ""Reception Service"": 0.88}",3
4/11/24 10:12,Very good,Staff are very professional welcome Very good Doctor is the best,,Earls-Court-Surgery,Brompton-Health-PCN,positive,0.980841,neutral,0.0,11.0,4,5.0,Overall Excellent Service and Practice,,aZkrev,rK7oav,admiration,,,,,,,,"{'score': 0.0013104910030961037, 'start': 0, 'end': 35, 'answer': 'Staff are very professional welcome'}",,,Staff Professionalism and Knowledge,0.97,,{},1
11/18/24 9:21,Very poor,I was contacted by the surgery to make an appointment for a smear following two previous traumatic and unsuccessful smear appointments I had explained to the administration and medical staff not just over the last 2 weeks but previously about my high levels of anxiety about medical appointments Following this initial call I had two subsequent calls suggested by the surgery not me with different Doctors where I tried to explain how extreme and growing my medical anxiety was and that I was finding it difficult to be heard The focus felt it was on getting the appointment for the smear test The final call suggested she ask a Doctor who has known me for many years to call me she made an appointment which was subsequently changed by the surgery but no call received,The surgery s agenda was focused on getting the appointment for the smear My agenda was asking for help and medical advice in addressing my high levels of anxiety with any attendance contact issues with medical appointments and treatment not just for now but thinking about the future This mismatch made all calls very distressing for me Please would someone drop me an e mail with some advice on what I can do to address these extreme levels of anxiety when it comes to anything medical Thanks,Health-Partners-at-Violet-Melchett,Brompton-Health-PCN,negative,0.516879,neutral,0.499081,136.0,87,1.0,Rushed Consultation or Not Listened To,Telehealth / Phone Consultations,8b6LGA,pk8jrE,nervousness,gratitude,,,flu_campaign_24,No,0.0,,"{'score': 0.046207718551158905, 'start': 246, 'end': 295, 'answer': 'high levels of anxiety about medical appointments'}","{'score': 0.03905201330780983, 'start': 108, 'end': 122, 'answer': 'medical advice'}",,Consultation Communication and Listening,0.44,Follow-up and Continuity of Care,"{""Follow-up and Continuity of Care"": 0.72}",2
4/1/25 12:40,Very good,Firstly I want to give my wife next prescription and I asked for an appointment for myself as I had a dry cough for 6 months The person on desk said a doctor was free on the afternoon I saw this doctor who helped with my trouble check me and organise a future appointment with some lungs specialist in the hospital,Not really this doctor acted with professional knowledge and gives me a chance to find a solution to my problem,Health-Partners-at-Violet-Melchett,Brompton-Health-PCN,neutral,0.766783,neutral,0.61533,61.0,20,5.0,Prescriptions and Repeat Medication Issues,Staff Professionalism and Knowledge,D44yPWb,yqzl10,desire,approval,,,nhs_app24,Yes,5.0,"For this time,  I didn't use the NHS Application. But I will use it if I will need it ","{'score': 0.0174386166036129, 'start': 10, 'end': 48, 'answer': 'want to give my wife next prescription'}","{'score': 0.043074410408735275, 'start': 11, 'end': 56, 'answer': 'this doctor acted with professional knowledge'}",,"Referral, Specialist and Hospital Coordination",0.56,,{},1
3/10/25 21:30,Very good,It s always a good experience and I get good advice with Doctors nurses there in relation to my health,I think Emperors gate is a brilliant medical centre I am very lucky,Emperors-Gate-Health-Centre,Brompton-Health-PCN,positive,0.973046,positive,0.98027,19.0,13,5.0,Overall Excellent Service and Practice,Overall Excellent Service and Practice,jdZ6MQ,ePbKgJ,admiration,admiration,,,nhs_app24,Yes,5.0,I am very happy ,"{'score': 0.009969932027161121, 'start': 40, 'end': 102, 'answer': 'good advice with Doctors nurses there in relation to my health'}","{'score': 0.004019254818558693, 'start': 8, 'end': 51, 'answer': 'Emperors gate is a brilliant medical centre'}",,Staff Professionalism and Knowledge,0.41,,{},1
9/22/24 8:17,Very good,All in all very good and friendly service,,Scarsdale-Medical-Centre,Brompton-Health-PCN,positive,0.963501,neutral,0.0,8.0,0,5.0,Overall Excellent Service and Practice,,,,admiration,,,,,,,,"{'score': 0.0003464252804405987, 'start': 0, 'end': 41, 'answer': 'All in all very good and friendly service'}",,,Overall Service and Practice,0.8,,{},1
10/29/24 8:56,Good,Two doctors are professional and helpful but sometimes there are more I can t support you with that rather than let s find a solution together,,Stanhope-Mews-Surgery,Brompton-Health-PCN,neutral,0.458241,neutral,0.0,26.0,5,4.0,Staff Professionalism and Knowledge,,8DqY0P,AjPA1N,approval,,,,flu_campaign_24,No,0.0,,"{'score': 0.050241440534591675, 'start': 45, 'end': 99, 'answer': 'sometimes there are more I can t support you with that'}",,,Consultation Communication and Listening,0.89,Staff Professionalism and Knowledge,"{""Staff Professionalism and Knowledge"": 0.66}",2
12/29/25 8:44,Very good,PERSON was easy to talk to,Yes a water fountain at reception that l have waited now for years,The-Chelsea-Practice,Brompton-Health-PCN,positive,0.878907,positive,0.681857,6.0,12,5.0,Telehealth / Phone Consultations,Waiting Time in Surgery / Waiting Room,680YRvA,jaPLLA1,neutral,neutral,['Go'],,admin25,Yes,5.0,A gp that l never met should be reading my notes first before interacting avoiding a stupid consultation that makes no sense. ,"{'score': 2.132611825800268e-06, 'start': 0, 'end': 6, 'answer': 'PERSON'}","{'score': 0.21909770369529724, 'start': 4, 'end': 20, 'answer': 'a water fountain'}",,Consultation Communication and Listening,0.89,,{},1
7/15/25 9:15,Very good,It was an excellent experience from beginning to end The customer service and manners of the receptionist were fantastic Dr PERSON was exceptional at creating a safe space for me to talk about my situation That together with her clear advice enabled a pathway to provide me with support to help me feel better Thank you Dr PERSON,Wi Fi connection for patients did not work was very slow I couldn t work whilst waiting for my appointment Nor I could connect to my phone s hotspot due to poor network connection,Health-Partners-at-Violet-Melchett,Brompton-Health-PCN,positive,0.968442,negative,0.905136,59.0,32,5.0,Overall Excellent Service and Practice,Telehealth / Phone Consultations,2ErKv8e,K9NrZz,gratitude,disappointment,"['Nina Brunker', 'Brunker']",,tel_access25,Yes,1.0,,"{'score': 0.0016855921130627394, 'start': 229, 'end': 241, 'answer': 'clear advice'}","{'score': 0.03420291095972061, 'start': 0, 'end': 56, 'answer': 'Wi Fi connection for patients did not work was very slow'}",,Consultation Communication and Listening,0.47,Reception Service | Staff Kindness and Empathy | Staff Professionalism and Knowledge,"{""Reception Service"": 0.84, ""Staff Kindness and Empathy"": 0.83, ""Staff Professionalism and Knowledge"": 0.74}",4
2/4/25 9:59,Very good,Quick reposnse from GP Easy to access,,Health-Partners-at-Violet-Melchett,Brompton-Health-PCN,positive,0.720355,neutral,0.0,7.0,0,5.0,Telehealth / Phone Consultations,,Ov5xoY,VdLDAl,neutral,,,,nhs_app24,Yes,5.0,,"{'score': 6.573876021320757e-08, 'start': 20, 'end': 37, 'answer': 'GP Easy to access'}",,,Appointment Availability and Lead Times,0.89,,{},1
5/20/24 11:02,Very good,You are always kind and friendly,,Health-Partners-at-Violet-Melchett,Brompton-Health-PCN,positive,0.909614,neutral,0.0,6.0,0,5.0,Overall Excellent Service and Practice,,RbagAd,jLMKqJ,admiration,,,,,,,,"{'score': 0.05126151442527771, 'start': 15, 'end': 32, 'answer': 'kind and friendly'}",,,Staff Kindness and Empathy,1.0,,{},1
2/16/26 16:34,Very good,Efficient from booking appointment to advice received from the nurse,,Stanhope-Mews-Surgery,Brompton-Health-PCN,positive,0.864061,neutral,0.0,10.0,1,5.0,Staff Professionalism and Knowledge,,LZlvbXp,7RDP4EL,neutral,,,,admin25,Yes,5.0,Always polite and welcoming,"{'score': 0.00014166173059493303, 'start': 0, 'end': 68, 'answer': 'Efficient from booking appointment to advice received from the nurse'}",,,Appointment Availability and Lead Times,0.6,,{},1
7/12/24 11:15,Very poor,I will not be taking any appointments with Dr PERSON whom I believe does not represent my previous experience with the clinic,,Kensington-Park-Medical-Centre,Brompton-Health-PCN,negative,0.682286,neutral,0.0,23.0,0,1.0,Staff Professionalism and Knowledge,,QErDZ8,j749L9,disapproval,,['M Rehman'],,,,,,"{'score': 0.0005300563061609864, 'start': 2, 'end': 52, 'answer': 'will not be taking any appointments with Dr PERSON'}",,,Staff Professionalism and Knowledge,0.59,,{},1
6/20/24 12:31,Very good,Doctors are very helpful relaliable and caring,No very grateful to the srevice,Stanhope-Mews-Surgery,Brompton-Health-PCN,positive,0.960888,positive,0.595067,7.0,6,5.0,Overall Excellent Service and Practice,Overall Excellent Service and Practice,from,old_from,caring,gratitude,,,,,,,"{'score': 0.00031128301634453237, 'start': 0, 'end': 46, 'answer': 'Doctors are very helpful relaliable and caring'}","{'score': 7.269822526723146e-05, 'start': 0, 'end': 31, 'answer': 'No very grateful to the srevice'}",,Staff Professionalism and Knowledge,0.77,Staff Kindness and Empathy,"{""Staff Kindness and Empathy"": 0.62}",2
8/7/26 22:08,Very good,Just a feeling but it s a good service Doctors got the will to find the way in hope to bring patients back to the pic of their health fit,,Kensington-Park-Medical-Centre,Brompton-Health-PCN,positive,0.787737,neutral,0.0,29.0,0,5.0,Treatment Quality and Effectiveness,,WJK5qOa,rj16Wjo,optimism,,,,accurx26,No,3.0,,"{'score': 0.1320124864578247, 'start': 0, 'end': 38, 'answer': 'Just a feeling but it s a good service'}",,,Overall Service and Practice,0.74,,{},1
1/20/26 19:04,Very good,I received a call regarding my test results before I had to call the surgery myself,,Emperors-Gate-Health-Centre,Brompton-Health-PCN,neutral,0.887633,neutral,0.0,16.0,4,5.0,Telehealth / Phone Consultations,,68Bqp0A,Gxz0YLk,neutral,,,,admin25,No,0.0,,"{'score': 0.0016102456720545888, 'start': 31, 'end': 43, 'answer': 'test results'}",,,"Tests, Investigations and Results",1.0,Telephone Access,"{""Telephone Access"": 0.7}",2
10/25/24 17:25,Very good,Nurse PERSON was very helpful though I came in at the wrong time due to some confusion on my part,,Earls-Court-Medical-Centre,Brompton-Health-PCN,neutral,0.427682,neutral,0.0,20.0,0,5.0,Staff Professionalism and Knowledge,,5YAQrQ,YV0OvB,confusion,,['Gigi'],,flu_campaign_24,Yes,1.0,fast and efficient was no problem ,"{'score': 0.005194530356675386, 'start': 77, 'end': 86, 'answer': 'confusion'}",,,Staff Professionalism and Knowledge,0.71,,{},1
11/27/25 10:01,Good,I am happy with the doctors but not with the waiting for allointments,,Stanhope-Mews-Surgery,Brompton-Health-PCN,neutral,0.510713,neutral,0.0,13.0,3,4.0,Appointment Availability and Waiting Times,,PdW5a90,GxpR7D2,joy,,,,admin25,No,0.0,,"{'score': 0.02991972304880619, 'start': 5, 'end': 69, 'answer': 'happy with the doctors but not with the waiting for allointments'}",,,Appointment Availability and Lead Times,1.0,Waiting Time at the Surgery,"{""Waiting Time at the Surgery"": 0.89}",2
7/2/26 12:36,Very good,Pleasant positive response from reception team Very pleasant Doctor addressing my medical issues promptly,,The-Good-Practice,Brompton-Health-PCN,positive,0.951648,neutral,0.0,14.0,2,5.0,Reception Staff Friendly and Helpful,,0Vv97rN,eqoNelo,approval,,,,digital26,Yes,4.0,,"{'score': 0.0033109767828136683, 'start': 0, 'end': 96, 'answer': 'Pleasant positive response from reception team Very pleasant Doctor addressing my medical issues'}",,,Reception Service,0.8,,{},1
7/4/24 17:23,Good,It s very frustrating to wait for a gp call to discuss hrt medication to then be referred to a menopause clinic who can t write me a prescription it s then handed back to the gp to write This involves so much more nhs time effort and delays than is needed what a waste of money when they could as my previous gp did just change the medication from the first phone call A huge waste of everyone s time,Yes not referring me to a menopause clinic,The-Abingdon-Medical-Practice,Brompton-Health-PCN,negative,0.917953,neutral,0.708644,77.0,8,4.0,Prescriptions and Repeat Medication Issues,Staff Professionalism and Knowledge,WqVYlv,7V4EeA,annoyance,neutral,,,,,,,"{'score': 0.0023681442253291607, 'start': 0, 'end': 21, 'answer': 'It s very frustrating'}","{'score': 0.048834607005119324, 'start': 4, 'end': 42, 'answer': 'not referring me to a menopause clinic'}",,Prescriptions and Medication Management,0.56,"Referral, Specialist and Hospital Coordination","{""Referral, Specialist and Hospital Coordination"": 0.82}",2
1/28/25 12:22,Very good,Advice was easy to follow and gave me confidence,,The-Chelsea-Practice,Brompton-Health-PCN,positive,0.920914,neutral,0.0,9.0,1,5.0,Excellent Clinical Care and Thorough Explanation,,Nz9M6N,xg1dWk,approval,,,,nhs_app24,Yes,5.0,Nothing,"{'score': 0.0003054915287066251, 'start': 0, 'end': 6, 'answer': 'Advice'}",,,Consultation Communication and Listening,0.42,Patient Information and Education,"{""Patient Information and Education"": 0.64}",2
5/1/25 22:21,Very good,Dr PERSON was very helpful and thorough I felt confident I was being well looked after,,Health-Partners-at-Violet-Melchett,Brompton-Health-PCN,positive,0.940069,neutral,0.0,16.0,1,5.0,Excellent Clinical Care and Thorough Explanation,,GxK2P12,X7l9v4,approval,,['Bradley'],,tel_access25,Yes,5.0,No problems. ,"{'score': 0.13321666419506073, 'start': 47, 'end': 86, 'answer': 'confident I was being well looked after'}",,,Clinical Assessment and Diagnosis,0.59,,{},1
1/14/26 18:28,Very good,I have had important blood tests the staff were helpful,,The-Good-Practice,Brompton-Health-PCN,positive,0.912801,neutral,0.0,10.0,0,5.0,Staff Professionalism and Knowledge,,Np1eY9G,obMNR1P,approval,,,,admin25,Yes,5.0,The staff are always helpful ,"{'score': 0.0044095139019191265, 'start': 11, 'end': 32, 'answer': 'important blood tests'}",,,"Tests, Investigations and Results",0.97,,{},1
11/26/25 8:03,Very good,Saw same PERSON utse each time We get on well and I trust her competence,Slightly larger dressing so it would stay on better Not her fault,Stanhope-Mews-Surgery,Brompton-Health-PCN,positive,0.787315,neutral,0.621921,14.0,12,5.0,Follow-up and Continuity of Care,Treatment Quality and Effectiveness,Np9rzPG,rjO5xKL,approval,neutral,['N'],,admin25,Yes,5.0,Helpful and interested. Don’t know yet if her suggested solution to problem has worked.,"{'score': 0.001818447490222752, 'start': 52, 'end': 72, 'answer': 'trust her competence'}","{'score': 0.536064624786377, 'start': 0, 'end': 24, 'answer': 'Slightly larger dressing'}",,Follow-up and Continuity of Care,0.96,,{},1
4/21/25 11:08,Very good,I have complete confidence in the consultation I received and the treatment that was recommended,,Health-Partners-at-Violet-Melchett,Brompton-Health-PCN,positive,0.893016,neutral,0.0,15.0,5,5.0,Excellent Clinical Care and Thorough Explanation,,vGMl9Gg,yo7rjd,approval,,,,nhs_app24,Yes,5.0,,"{'score': 0.0016809431836009026, 'start': 7, 'end': 57, 'answer': 'complete confidence in the consultation I received'}",,,Treatment Effectiveness and Safety,0.35,,{},1
1/21/25 13:02,Very good,Really kind Dr understanding Reception team are great as always,,The-Chelsea-Practice,Brompton-Health-PCN,positive,0.970953,neutral,0.0,10.0,1,5.0,Reception Staff Friendly and Helpful,,gBqVaD,xgQvqG,admiration,,,,nhs_app24,Yes,5.0,,"{'score': 0.00012651304132305086, 'start': 0, 'end': 28, 'answer': 'Really kind Dr understanding'}",,,Staff Kindness and Empathy,0.51,Reception Service,"{""Reception Service"": 0.82}",2
11/14/24 16:26,Very good,The nurse was very kind and helpful,,Health-Partners-at-Violet-Melchett,Brompton-Health-PCN,positive,0.962586,neutral,0.0,7.0,1,5.0,"Staff Kindness, Empathy and Compassion",,apBM7X,gk6pgM,admiration,,,,flu_campaign_24,No,0.0,,"{'score': 3.736484723049216e-05, 'start': 0, 'end': 35, 'answer': 'The nurse was very kind and helpful'}",,,Staff Kindness and Empathy,1.0,,{},1
6/19/26 18:43,Very good,I would like to express my sincere gratitude to Dr PERSON for her outstanding care and support She was incredibly helpful compassionate and kind throughout my appointment I truly appreciated the time she took to listen to my concerns and explain everything about my health in a clear and reassuring way Her professionalism patience and caring attitude made me feel comfortable and well supported Thank you Dr PERSON for your dedication and for providing such excellent care It was a pleasure to be under your care and I am very grateful for your help,,The-Good-Practice,Brompton-Health-PCN,positive,0.970006,neutral,0.0,95.0,3,5.0,Excellent Clinical Care and Thorough Explanation,,xV2d5rr,J9MrMJo,gratitude,,"['Dalia Samuel', 'Dalia']",,digital26,Yes,5.0,Everything is good.,"{'score': 0.05649247020483017, 'start': 246, 'end': 272, 'answer': 'everything about my health'}",,,Consultation Communication and Listening,0.52,Staff Kindness and Empathy | Staff Professionalism and Knowledge | Patient Information and Education,"{""Patient Information and Education"": 0.83, ""Staff Kindness and Empathy"": 0.79, ""Staff Professionalism and Knowledge"": 0.7}",4
7/11/25 20:29,Very good,Thanks to Dr very kindly try find to help me,,Kensington-Park-Medical-Centre,Brompton-Health-PCN,positive,0.905714,neutral,0.0,10.0,0,5.0,"Staff Kindness, Empathy and Compassion",,eqAXdQl,O6bA1R,gratitude,,,,tel_access25,Yes,5.0,Thanks Dr very kindly trying to help me ,"{'score': 0.00018761982209980488, 'start': 10, 'end': 12, 'answer': 'Dr'}",,,Staff Kindness and Empathy,0.85,,{},1
3/21/24 14:16,Very good,The receptionist listening to what I actually said,,Scarsdale-Medical-Centre,Brompton-Health-PCN,neutral,0.814553,neutral,0.0,8.0,0,5.0,Reception Staff Friendly and Helpful,,mannual,upload,neutral,,,,,,,,"{'score': 1.6048936231527478e-05, 'start': 17, 'end': 50, 'answer': 'listening to what I actually said'}",,,Reception Service,0.92,Consultation Communication and Listening,"{""Consultation Communication and Listening"": 0.62}",2
6/1/25 17:39,Very good,Very attentive GP who offered to take my blood pressure and pulse without me asking him,,The-Chelsea-Practice,Brompton-Health-PCN,positive,0.78938,neutral,0.0,15.0,1,5.0,Staff Professionalism and Knowledge,,kdEvyVo,X2p97d,neutral,,,,tel_access25,Yes,4.0,Call was answered in good time.,"{'score': 7.228466711239889e-05, 'start': 0, 'end': 17, 'answer': 'Very attentive GP'}",,,Clinical Assessment and Diagnosis,0.58,,{},1
8/23/24 22:11,Very good,I needed to see a doctor that day and I did and received attentive care and medication for which I was very grateful,It was a very satisfactory visit not requiring anything else that visit,Stanhope-Mews-Surgery,Brompton-Health-PCN,positive,0.910625,positive,0.95901,23.0,12,5.0,Excellent Clinical Care and Thorough Explanation,Treatment Quality and Effectiveness,A5KAek,KPjRrk,gratitude,admiration,,,,,,,"{'score': 0.0006660182843916118, 'start': 2, 'end': 24, 'answer': 'needed to see a doctor'}","{'score': 0.09597139060497284, 'start': 33, 'end': 71, 'answer': 'not requiring anything else that visit'}",,Treatment Effectiveness and Safety,0.43,,{},1
6/4/24 18:14,Good,My appointment started 40 minutes late,,Scarsdale-Medical-Centre,Brompton-Health-PCN,negative,0.782239,neutral,0.0,6.0,0,4.0,Telehealth / Phone Consultations,,mannual,upload,neutral,,,,,,,,"{'score': 1.5046755834191572e-05, 'start': 34, 'end': 38, 'answer': 'late'}",,,Waiting Time at the Surgery,1.0,,{},1
4/12/26 17:45,Neither good nor poor,Porque el médico otorrino estaba sin pacientes y llegué 10 minutos tarde no me atendió por mucho que le pedí que me atendiera casi me pongo de rodillas me parece muy mal porque no me encontrá bien,,Stanhope-Mews-Surgery,Brompton-Health-PCN,neutral,0.834233,neutral,0.0,37.0,1,3.0,Rushed Consultation or Not Listened To,,vXMV0O8,q459gAY,neutral,,['##tor'],,admin25,Yes,3.0,No mostraron interés en quererme ayudar para que el dr me atendiera,"{'score': 0.04737869277596474, 'start': 177, 'end': 196, 'answer': 'no me encontrá bien'}",,,Waiting Time at the Surgery,0.44,Staff Kindness and Empathy,"{""Staff Kindness and Empathy"": 0.66}",2
4/12/25 6:14,Very good,We were 5min late for our appointment and Dr PERSON very graciously agreed to see us Sincere apologies,,The-Abingdon-Medical-Practice,Brompton-Health-PCN,neutral,0.535297,neutral,0.0,18.0,1,5.0,Staff Professionalism and Knowledge,,xXVOoNE,kXBjoo,remorse,,['Chua'],,nhs_app24,Yes,3.0,"Was not aware I could use the NHS app to book GP appointments or repeat Rxs.

Better publicity regarding these services would be advantageous.","{'score': 0.000647278327960521, 'start': 85, 'end': 102, 'answer': 'Sincere apologies'}",,,Staff Kindness and Empathy,0.53,,{},1
8/13/26 18:37,Very good,Easy access to health care provider,,Kensington-Park-Medical-Centre,Brompton-Health-PCN,positive,0.524233,neutral,0.0,6.0,0,5.0,Telehealth / Phone Consultations,,DqxrZrb,GxyZPbO,neutral,,,,accurx26,No,,,"{'score': 9.024754945130553e-06, 'start': 0, 'end': 35, 'answer': 'Easy access to health care provider'}",,,Appointment Availability and Lead Times,0.85,,{},1
6/5/24 18:24,Very good,Because the entire staff and medical team go beyond the call of duty in providing clinical care and support with courtesy and extreme professionalism and diligence,None except to continue in that same manner and vein,Emperors-Gate-Health-Centre,Brompton-Health-PCN,positive,0.777349,neutral,0.734268,26.0,10,5.0,Excellent Clinical Care and Thorough Explanation,Follow-up and Continuity of Care,EMzkRo,5v1qxM,neutral,neutral,,,,,,,"{'score': 0.07303553074598312, 'start': 0, 'end': 68, 'answer': 'Because the entire staff and medical team go beyond the call of duty'}","{'score': 0.012858431786298752, 'start': 0, 'end': 52, 'answer': 'None except to continue in that same manner and vein'}",,Staff Professionalism and Knowledge,0.98,,{},1
4/22/26 12:25,Very good,Was quick Professional Clean And courteous,,Stanhope-Mews-Surgery,Brompton-Health-PCN,positive,0.824899,neutral,0.0,6.0,2,5.0,Treatment Quality and Effectiveness,,0VBLOzA,ja0GjaR,neutral,,,,digital26,No,,,"{'score': 0.0002498464018572122, 'start': 33, 'end': 42, 'answer': 'courteous'}",,,Staff Professionalism and Knowledge,0.76,,{},1
3/13/24 16:11,Very good,I almost made a complaint about the repeated rudeness of one of the receptionists Mostly though it s Good and I like Dr PERSON,,The-Abingdon-Medical-Practice,Brompton-Health-PCN,negative,0.426246,neutral,0.0,23.0,0,5.0,Reception Staff Rude or Unhelpful,,,,love,,['Siraj'],,,,,,"{'score': 0.012292555533349514, 'start': 36, 'end': 53, 'answer': 'repeated rudeness'}",,,Reception Service,1.0,Staff Kindness and Empathy,"{""Staff Kindness and Empathy"": 0.61}",2
8/27/24 13:39,Very good,They always make a full effort,,The-Abingdon-Medical-Practice,Brompton-Health-PCN,positive,0.770455,neutral,0.0,6.0,1,5.0,Overall Excellent Service and Practice,,Ny0KPQ,o0r99b,neutral,,,,,,,,"{'score': 0.0006317298975773156, 'start': 0, 'end': 30, 'answer': 'They always make a full effort'}",,,Staff Professionalism and Knowledge,0.5,,{},1
5/15/26 13:29,Good,I require a prescription fpr my psoarisis,,Earls-Court-Surgery,Brompton-Health-PCN,neutral,0.65993,neutral,0.0,7.0,0,4.0,Prescriptions and Repeat Medication Issues,,dbx2ZKD,Zj1OL95,neutral,,,,digital26,No,,,"{'score': 8.684587555762846e-06, 'start': 12, 'end': 24, 'answer': 'prescription'}",,,Prescriptions and Medication Management,0.99,,{},1
11/14/24 17:22,Poor,I am housebound and it is very difficult to get GP home visit,Yes to see GP when is needed They could not do anything just calling very sick patient,Health-Partners-at-Violet-Melchett,Brompton-Health-PCN,negative,0.812866,negative,0.792751,13.0,17,2.0,Telehealth / Phone Consultations,Telehealth / Phone Consultations,KrM7QK,L6pjxl,sadness,neutral,,,flu_campaign_24,Yes,2.0,Bad,"{'score': 0.02071947604417801, 'start': 5, 'end': 15, 'answer': 'housebound'}","{'score': 0.20147734880447388, 'start': 29, 'end': 55, 'answer': 'They could not do anything'}",,Appointment Availability and Lead Times,0.76,,{},1
6/23/26 9:27,Good,I think that in reflection you should know my blood type which I believe to be A negative Can this be checked And added to my profile I am hopeful to see a dermatologist at C W hospital about the lesion on my nose which Dr PERSON identified as a Basel cell carcinoma Have my daily prescriptions of Clopidogrel and Atorvastatin 40 been reinstated at Harleys Chemist Thank you for your care PERSON,,Stanhope-Mews-Surgery,Brompton-Health-PCN,neutral,0.696022,neutral,0.0,72.0,0,4.0,Prescriptions and Repeat Medication Issues,,Z9lLZ25,Ek6Yb04,gratitude,,"['Steeden', 'Sally']",,digital26,No,,,"{'score': 0.002083660801872611, 'start': 43, 'end': 89, 'answer': 'my blood type which I believe to be A negative'}",,,"Referral, Specialist and Hospital Coordination",0.73,"Prescriptions and Medication Management | Tests, Investigations and Results","{""Prescriptions and Medication Management"": 0.92, ""Tests, Investigations and Results"": 0.72}",3
2/6/25 18:55,Very good,Very supportive and called me back promptly,,Emperors-Gate-Health-Centre,Brompton-Health-PCN,positive,0.958991,neutral,0.0,7.0,0,5.0,Follow-up and Continuity of Care,,e4NdEo,dDQNWK,approval,,,,nhs_app24,Yes,5.0,All good,"{'score': 6.240753282327205e-05, 'start': 5, 'end': 15, 'answer': 'supportive'}",,,Telephone Access,0.44,,{},1
3/6/24 16:34,Very good,My recent visits have gone well The surgery lift seems unreliable,,Stanhope-Mews-Surgery,Brompton-Health-PCN,neutral,0.511834,neutral,0.0,11.0,0,5.0,Treatment Quality and Effectiveness,,,,neutral,,,,,,,,"{'score': 0.09290783852338791, 'start': 36, 'end': 65, 'answer': 'surgery lift seems unreliable'}",,,Physical Accessibility,0.28,,{},1
11/22/24 19:50,Very good,This is my true feeling about everything at the surgery,,The-Chelsea-Practice,Brompton-Health-PCN,neutral,0.806059,neutral,0.0,10.0,1,5.0,Treatment Quality and Effectiveness,,ZbB9k5,zJkM8k,neutral,,,,flu_campaign_24,Yes,5.0,,"{'score': 0.00613388093188405, 'start': 11, 'end': 55, 'answer': 'true feeling about everything at the surgery'}",,,Overall Service and Practice,0.75,,{},1
9/15/26 5:59,Good,I was treated well and with kindness,,Health-Partners-at-Violet-Melchett,Brompton-Health-PCN,positive,0.885428,neutral,0.0,7.0,3,4.0,Treatment Quality and Effectiveness,,kbp5x6e,q456DX9,admiration,,,,accurx26,No,,,"{'score': 0.003550091991201043, 'start': 0, 'end': 36, 'answer': 'I was treated well and with kindness'}",,,Staff Kindness and Empathy,1.0,,{},1
3/9/26 18:17,Very good,Dr PERSON who I have known for years Explains it clearly follows through pushes to do the tests,,Kensington-Park-Medical-Centre,Brompton-Health-PCN,positive,0.518385,neutral,0.0,18.0,0,5.0,Excellent Clinical Care and Thorough Explanation,,vG7Paxv,eqL7qDJ,neutral,,['Kamvari'],,admin25,Yes,5.0,,"{'score': 0.0029160429257899523, 'start': 73, 'end': 95, 'answer': 'pushes to do the tests'}",,,Consultation Communication and Listening,0.4,"Tests, Investigations and Results | Patient Information and Education","{""Patient Information and Education"": 0.72, ""Tests, Investigations and Results"": 0.61}",3
7/15/24 10:45,Very good,Relatively quick appointments and friendly GPs I would recommend,,The-Chelsea-Practice,Brompton-Health-PCN,positive,0.956499,neutral,0.0,9.0,0,5.0,Overall Excellent Service and Practice,,YqkANW,ZR9a2z,approval,,,,,,,,"{'score': 0.004036199767142534, 'start': 0, 'end': 29, 'answer': 'Relatively quick appointments'}",,,Waiting Time at the Surgery,0.54,,{},1
1/20/26 13:47,Very good,As ever the service I received from the surgery was faultless I really do believe tat everyone working there tries their best to help patients and they always succeed handsomely,No I can honestly say that I am extremely happy with every aspect of the surgery and the treatment I receive both there and over the phone as the occasion requires,Emperors-Gate-Health-Centre,Brompton-Health-PCN,positive,0.963208,positive,0.951693,31.0,31,5.0,Overall Excellent Service and Practice,Overall Excellent Service and Practice,Y5A6vyJ,KY6o1XA,admiration,joy,,,admin25,Yes,5.0,"I have always found the people at the reception to be friendly,  helpful and knowledgeable.  I have never had anything but a pleasant interaction with them.","{'score': 0.07081668078899384, 'start': 86, 'end': 142, 'answer': 'everyone working there tries their best to help patients'}","{'score': 0.06417306512594223, 'start': 32, 'end': 80, 'answer': 'extremely happy with every aspect of the surgery'}",,Overall Service and Practice,0.78,,{},1
2/14/24 14:06,Very good,Prompt care even when it is not possible to see or hear from my GP,Despite records being available to other doctors they come in cold Consistency with own GP who knows the story is invaluable and very different,Stanhope-Mews-Surgery,Brompton-Health-PCN,neutral,0.56606,neutral,0.665012,15.0,25,5.0,Telehealth / Phone Consultations,Follow-up and Continuity of Care,,,caring,neutral,,,,,,,"{'score': 8.060163963818923e-05, 'start': 0, 'end': 11, 'answer': 'Prompt care'}","{'score': 0.0035025400575250387, 'start': 0, 'end': 48, 'answer': 'Despite records being available to other doctors'}",,Appointment Availability and Lead Times,0.45,,{},1
5/21/24 12:16,Very good,The waiting time was not long and a Good consultation,,Health-Partners-at-Violet-Melchett,Brompton-Health-PCN,positive,0.895358,neutral,0.0,10.0,1,5.0,Appointment Availability and Waiting Times,,A4Ye6l,eL2MYJ,admiration,,,,,,,,"{'score': 3.674178151413798e-05, 'start': 0, 'end': 53, 'answer': 'The waiting time was not long and a Good consultation'}",,,Waiting Time at the Surgery,0.8,,{},1
10/9/25 13:37,Very good,Excellent service from start to finish Dr PERSON and Dr PERSON are professional kind and truly care about their patients The whole experience was smooth efficient and reassuring,,Kensington-Park-Medical-Centre,Brompton-Health-PCN,positive,0.974914,neutral,0.0,28.0,5,5.0,Overall Excellent Service and Practice,,2Eo1LOA,Ekq86pq,admiration,,"['Pelley', 'Robertson']",,needs_met25,Yes,5.0,Doctor listened to my needs and gave advice on how to helo,"{'score': 0.007678774651139975, 'start': 39, 'end': 120, 'answer': 'Dr PERSON and Dr PERSON are professional kind and truly care about their patients'}",,,Staff Kindness and Empathy,0.42,Staff Professionalism and Knowledge | Overall Service and Practice,"{""Overall Service and Practice"": 0.69, ""Staff Professionalism and Knowledge"": 0.65}",3
9/20/24 16:30,Very good,Very good reception kind doctor who took the time to explain everything clearly,,Kensington-Park-Medical-Centre,Brompton-Health-PCN,positive,0.94746,neutral,0.0,13.0,1,5.0,Excellent Clinical Care and Thorough Explanation,,XvJJqg,BAd1z7,admiration,,,,,,,,"{'score': 2.769828097370919e-05, 'start': 72, 'end': 79, 'answer': 'clearly'}",,,Consultation Communication and Listening,0.93,Staff Kindness and Empathy | Staff Professionalism and Knowledge | Patient Information and Education,"{""Patient Information and Education"": 0.84, ""Staff Kindness and Empathy"": 0.82, ""Staff Professionalism and Knowledge"": 0.64}",4
7/4/25 12:14,Very good,The doctor was very helpful and very kind to me,,Earls-Court-Medical-Centre,Brompton-Health-PCN,positive,0.967137,neutral,0.0,10.0,1,5.0,"Staff Kindness, Empathy and Compassion",,Gx16AoQ,Y6LWR0,admiration,,,,tel_access25,No,0.0,,"{'score': 0.0001400627807015553, 'start': 0, 'end': 10, 'answer': 'The doctor'}",,,Staff Kindness and Empathy,0.96,,{},1
7/28/26 15:06,Very good,Very responsive and helpful with advice,Nothing that I can think of,Emperors-Gate-Health-Centre,Brompton-Health-PCN,positive,0.958478,neutral,0.492512,6.0,6,5.0,Staff Professionalism and Knowledge,Irrelevant / Unclassifiable / Noise,4aPVzPY,8pDR4o,approval,neutral,,,accurx26,No,,,"{'score': 3.841093530354556e-06, 'start': 0, 'end': 39, 'answer': 'Very responsive and helpful with advice'}","{'score': 0.038646258413791656, 'start': 0, 'end': 7, 'answer': 'Nothing'}",,Staff Professionalism and Knowledge,0.47,,{},1
9/15/26 18:03,Very good,They got in touch with me asap when they found something wrong with a test just so I could have it repeated which I have done so,No nothing it was all good,Stanhope-Mews-Surgery,Brompton-Health-PCN,neutral,0.596954,positive,0.853923,27.0,6,5.0,Excellent Clinical Care and Thorough Explanation,Irrelevant / Unclassifiable / Noise,GegYKeO,zxBO2BM,neutral,approval,,,accurx26,No,,,"{'score': 0.0007688956684432924, 'start': 75, 'end': 107, 'answer': 'just so I could have it repeated'}","{'score': 0.21158897876739502, 'start': 0, 'end': 10, 'answer': 'No nothing'}",,"Tests, Investigations and Results",1.0,,{},1
6/3/26 17:32,Very poor,A new doctor at the clinic with no experience and hasn t done anything,,The-Good-Practice,Brompton-Health-PCN,negative,0.759649,neutral,0.0,13.0,0,1.0,Irrelevant / Unclassifiable / Noise,,rDKjk5N,A7jE6Al,neutral,,,,digital26,No,,,"{'score': 0.0009317069198004901, 'start': 0, 'end': 70, 'answer': 'A new doctor at the clinic with no experience and hasn t done anything'}",,,Staff Professionalism and Knowledge,0.99,,{},1
8/17/26 17:26,Very good,I felt taken care of and given professional help,,Health-Partners-at-Violet-Melchett,Brompton-Health-PCN,positive,0.745566,neutral,0.0,9.0,1,5.0,Staff Professionalism and Knowledge,,BE2evoR,Y5Kaoez,caring,,,,accurx26,Yes,5.0,"It was efficient, easy to book and provided the needed help","{'score': 0.02352149598300457, 'start': 0, 'end': 48, 'answer': 'I felt taken care of and given professional help'}",,,Staff Kindness and Empathy,0.62,,{},1
12/7/25 17:16,Very good,I received very prompt telephone appointments and good feedback on results of tests,,Stanhope-Mews-Surgery,Brompton-Health-PCN,positive,0.951759,neutral,0.0,13.0,0,5.0,Telehealth / Phone Consultations,,aQXKxZE,WORyDva,admiration,,,,admin25,No,0.0,,"{'score': 0.018956640735268593, 'start': 50, 'end': 83, 'answer': 'good feedback on results of tests'}",,,"Tests, Investigations and Results",0.72,Appointment Availability and Lead Times | Telephone Access,"{""Appointment Availability and Lead Times"": 0.86, ""Telephone Access"": 0.81}",3
7/25/24 18:11,Very good,Very helpful friendly and polite staff Can t recommend enough,No keep going as you are,Stanhope-Mews-Surgery,Brompton-Health-PCN,positive,0.971181,neutral,0.713035,9.0,6,5.0,Overall Excellent Service and Practice,Reception Staff Rude or Unhelpful,AaJ04y,12OOlL,admiration,neutral,,,,,,,"{'score': 0.0003072237886954099, 'start': 0, 'end': 38, 'answer': 'Very helpful friendly and polite staff'}","{'score': 0.002859597560018301, 'start': 0, 'end': 2, 'answer': 'No'}",,Staff Kindness and Empathy,0.67,,{},1
11/15/25 9:06,Very good,Telephoned on time and helped sort my problem out,,Kensington-Park-Medical-Centre,Brompton-Health-PCN,positive,0.557845,neutral,0.0,9.0,0,5.0,Telehealth / Phone Consultations,,EkYOkQ2,RGMLg09,caring,,,,admin25,Yes,5.0,,"{'score': 7.040681339276489e-06, 'start': 0, 'end': 49, 'answer': 'Telephoned on time and helped sort my problem out'}",,,Remote Consultation,0.49,Telephone Access,"{""Telephone Access"": 0.71}",2
1/14/25 16:20,Very good,Easy to book good facilities and friendly helpful staff,,Kensington-Park-Medical-Centre,Brompton-Health-PCN,positive,0.928054,neutral,0.0,9.0,1,5.0,Reception Staff Friendly and Helpful,,aRyEgX,WZ4lZJ,approval,,,,nhs_app24,Yes,5.0,,"{'score': 0.00019470119150355458, 'start': 0, 'end': 55, 'answer': 'Easy to book good facilities and friendly helpful staff'}",,,Digital Booking and Online Systems,0.35,"Staff Kindness and Empathy | Facilities, Cleanliness and Environment","{""Facilities, Cleanliness and Environment"": 0.6, ""Staff Kindness and Empathy"": 0.69}",3
1/26/24 12:50,Very good,Fix the TV that was used to direct the client patient to the consultation room This was a very important help for everyone,,Scarsdale-Medical-Centre,Brompton-Health-PCN,positive,0.709076,neutral,0.0,22.0,0,5.0,Telehealth / Phone Consultations,,mannual,upload,approval,,,,,,,,"{'score': 0.00027658388717100024, 'start': 90, 'end': 122, 'answer': 'very important help for everyone'}",,,"Facilities, Cleanliness and Environment",0.69,,{},1
9/11/25 19:27,Very good,Amazing staff both medical and administrative,,Kensington-Park-Medical-Centre,Brompton-Health-PCN,positive,0.973989,neutral,0.0,6.0,0,5.0,Overall Excellent Service and Practice,,VLv6Oxv,KYQ5OKV,admiration,,,,needs_met25,Yes,5.0,,"{'score': 3.182296950399177e-06, 'start': 0, 'end': 45, 'answer': 'Amazing staff both medical and administrative'}",,,Staff Professionalism and Knowledge,0.91,,{},1
5/20/24 14:55,Neither good nor poor,Since the surgery has moved to it s new home in flood street I have experienced problems with seeing too many different doctors also ordering my medication on line doesn t always go right and I feel sometimes that my health conditions aren t always checked as frequently as I would like,Yes seeing the same doctor would make me feel better someone who knows me and my health problems who can monitor my progress and what medication I am taking Also someone who will listen and give you the best advice possible on your health and medication,Health-Partners-at-Violet-Melchett,Brompton-Health-PCN,negative,0.822429,positive,0.651363,49.0,46,3.0,Follow-up and Continuity of Care,Follow-up and Continuity of Care,BjVGZA,9Olv7Y,disappointment,caring,,,,,,,"{'score': 0.1285390555858612, 'start': 214, 'end': 286, 'answer': 'my health conditions aren t always checked as frequently as I would like'}","{'score': 0.5519981980323792, 'start': 4, 'end': 26, 'answer': 'seeing the same doctor'}",,Follow-up and Continuity of Care,0.95,"Digital Booking and Online Systems | Prescriptions and Medication Management | Referral, Specialist and Hospital Coordination | Clinical Assessment and Diagnosis","{""Clinical Assessment and Diagnosis"": 0.69, ""Digital Booking and Online Systems"": 0.66, ""Prescriptions and Medication Management"": 0.89, ""Referral, Specialist and Hospital Coordination"": 0.73}",5
5/12/25 20:51,Very good,Very professional Doctors Very kind and helpful Reception Support Staff,,Kensington-Park-Medical-Centre,Brompton-Health-PCN,positive,0.962179,neutral,0.0,9.0,0,5.0,Reception Staff Friendly and Helpful,,Xxooz64,71zEYA,admiration,,,,tel_access25,Yes,5.0,My calls were handled very efficiently.,"{'score': 0.0025302802678197622, 'start': 0, 'end': 25, 'answer': 'Very professional Doctors'}",,,Staff Professionalism and Knowledge,0.75,Reception Service | Staff Kindness and Empathy,"{""Reception Service"": 0.78, ""Staff Kindness and Empathy"": 0.8}",3
9/11/24 8:35,Very good,I was greeted politely as soon as I entered to the reception,,The-Abingdon-Medical-Practice,Brompton-Health-PCN,positive,0.846953,neutral,0.0,12.0,4,5.0,Reception Staff Friendly and Helpful,,6yQDXY,E8EGV4,neutral,,,,,,,,"{'score': 1.1910114153579343e-05, 'start': 6, 'end': 60, 'answer': 'greeted politely as soon as I entered to the reception'}",,,Reception Service,1.0,Staff Kindness and Empathy,"{""Staff Kindness and Empathy"": 0.65}",2
8/12/25 8:57,Very good,The nurse was very friendly she made me feel comfortable,,Kensington-Park-Medical-Centre,Brompton-Health-PCN,positive,0.953655,neutral,0.0,9.0,3,5.0,"Staff Kindness, Empathy and Compassion",,ODB0baA,2Jdp1M,approval,,,,tel_access25,No,0.0,,"{'score': 0.0008837396162562072, 'start': 0, 'end': 56, 'answer': 'The nurse was very friendly she made me feel comfortable'}",,,Staff Kindness and Empathy,1.0,,{},1
4/17/26 9:54,Very good,Able to get me an appointment quickly,,The-Chelsea-Practice,Brompton-Health-PCN,neutral,0.667705,neutral,0.0,7.0,2,5.0,Appointment Booking and Online Systems,,kb9vY7e,A7bolVl,neutral,,,,admin25,Yes,4.0,"Friendly and helpful.
Could give updates if doctors are running behind but always helpful ","{'score': 7.796510544721968e-06, 'start': 0, 'end': 37, 'answer': 'Able to get me an appointment quickly'}",,,Appointment Availability and Lead Times,1.0,Waiting Time at the Surgery,"{""Waiting Time at the Surgery"": 0.61}",2
6/2/25 6:46,Very good,Pleasant and helpful medical and administrative staff,,Health-Partners-at-Violet-Melchett,Brompton-Health-PCN,positive,0.83973,neutral,0.0,7.0,1,5.0,Staff Professionalism and Knowledge,,QKVExb1,gQJ2xO,neutral,,,,tel_access25,Yes,2.0,Call-handling process worked well. Telephone waiting times could be improved. ,"{'score': 4.961685772286728e-05, 'start': 0, 'end': 53, 'answer': 'Pleasant and helpful medical and administrative staff'}",,,Staff Professionalism and Knowledge,0.41,Staff Kindness and Empathy,"{""Staff Kindness and Empathy"": 0.65}",2
9/11/25 9:59,Very good,I was given an appointment on the day that I phoned to make one and saw Doctor PERSON who was lovely and very reassuring,,The-Chelsea-Practice,Brompton-Health-PCN,positive,0.917279,neutral,0.0,24.0,1,5.0,Telehealth / Phone Consultations,,obK8RBb,81oq98O,admiration,,['Toucan'],,needs_met25,Yes,5.0,Very well,"{'score': 0.00016840935859363526, 'start': 72, 'end': 85, 'answer': 'Doctor PERSON'}",,,Appointment Availability and Lead Times,0.59,Staff Kindness and Empathy,"{""Staff Kindness and Empathy"": 0.77}",2
6/1/24 9:20,Very good,It would be useful to have guidance on whether staff would prefer people to wear masks,,Scarsdale-Medical-Centre,Brompton-Health-PCN,neutral,0.841744,neutral,0.0,16.0,0,5.0,Telehealth / Phone Consultations,,mannual,upload,neutral,,,,,,,,"{'score': 0.00013777322601526976, 'start': 27, 'end': 86, 'answer': 'guidance on whether staff would prefer people to wear masks'}",,,Patient Information and Education,0.5,,{},1
3/24/25 17:42,Very good,PERSON on reception is always efficient helpful and pleasant,,Emperors-Gate-Health-Centre,Brompton-Health-PCN,positive,0.970753,neutral,0.0,9.0,0,5.0,Reception Staff Friendly and Helpful,,KYQg0q8,GjpdO2,admiration,,['Juliette'],,nhs_app24,No,0.0,,"{'score': 0.0006321120308712125, 'start': 0, 'end': 60, 'answer': 'PERSON on reception is always efficient helpful and pleasant'}",,,Reception Service,1.0,,{},1
7/26/24 2:24,Very good,I have no problem with the care I get,,Scarsdale-Medical-Centre,Brompton-Health-PCN,neutral,0.671034,neutral,0.0,10.0,0,5.0,Treatment Quality and Effectiveness,,vg977A,4NWyoB,approval,,,,,,,,"{'score': 1.0103497515956406e-05, 'start': 0, 'end': 37, 'answer': 'I have no problem with the care I get'}",,,Overall Service and Practice,0.87,,{},1
3/15/25 19:15,Very good,Wonderful very helpful understanding Doctor 100,Very helpful explained everything Very nice Doctor,Health-Partners-at-Violet-Melchett,Brompton-Health-PCN,positive,0.977714,positive,0.977841,6.0,7,5.0,Excellent Clinical Care and Thorough Explanation,Excellent Clinical Care and Thorough Explanation,02a02N,vEx6Dg,admiration,admiration,,,nhs_app24,No,0.0,,"{'score': 0.0012938634026795626, 'start': 0, 'end': 47, 'answer': 'Wonderful very helpful understanding Doctor 100'}","{'score': 0.00023130090266931802, 'start': 0, 'end': 50, 'answer': 'Very helpful explained everything Very nice Doctor'}",,Staff Professionalism and Knowledge,0.36,,{},1
4/2/25 9:20,Very good,Appointment on time Polite and courteous staff Dr listened to patient,,The-Chelsea-Practice,Brompton-Health-PCN,positive,0.92458,neutral,0.0,11.0,0,5.0,"Staff Kindness, Empathy and Compassion",,NppxbEl,ykar74,neutral,,,,nhs_app24,Yes,5.0,,"{'score': 6.514124834211543e-05, 'start': 0, 'end': 69, 'answer': 'Appointment on time Polite and courteous staff Dr listened to patient'}",,,Consultation Communication and Listening,0.48,,{},1
11/27/24 23:18,Very good,The Surgery is clean and I like the fact there s a lot of female doctors being female myself,I did have to wait 2 weeks for face 2 face appointment so earlier appointment would be better,Stanhope-Mews-Surgery,Brompton-Health-PCN,positive,0.912692,neutral,0.594763,18.0,18,5.0,Staff Professionalism and Knowledge,Appointment Booking and Online Systems,,,love,neutral,,,,,,,"{'score': 0.010825753211975098, 'start': 25, 'end': 92, 'answer': 'I like the fact there s a lot of female doctors being female myself'}","{'score': 0.067653127014637, 'start': 58, 'end': 93, 'answer': 'earlier appointment would be better'}",,"Facilities, Cleanliness and Environment",0.56,,{},1
7/9/25 22:44,Very good,I m Abingdon surgery practice patient for almost 15 year Happy with all services they offering From reception to see a Dr or nurse Girls in the phone so polite and professional in their job Dr PERSON is my Dr for years He s so nice caring knowledgeable patient and a good listener He try his best to pay attention on patient s problem and try to do his best to help to get the problem sorted He delivers a first class service in a very professional manner PERSON is a brilliant nurse She is polite nice with a smiley face welcoming a patient The way she treats me makes me at ease to talk and trust her A five star ⭐️ feed back and special thanks to Abingdon Centre team ⭐️,Seeing a particular Dr has long waiting time Would be great they make it shorter waiting list Thanks,The-Abingdon-Medical-Practice,Brompton-Health-PCN,positive,0.95968,positive,0.464978,130.0,18,5.0,Overall Excellent Service and Practice,Appointment Availability and Waiting Times,Gx1yplp,lxWKgW,admiration,gratitude,"['Bilal Sahib', 'Nora']",,tel_access25,Yes,5.0,Overall they so good to handle telephone calls. ,"{'score': 0.01710445247590542, 'start': 57, 'end': 94, 'answer': 'Happy with all services they offering'}","{'score': 0.1905440241098404, 'start': 45, 'end': 100, 'answer': 'Would be great they make it shorter waiting list Thanks'}",,Staff Professionalism and Knowledge,0.48,Reception Service | Consultation Communication and Listening | Staff Kindness and Empathy | Overall Service and Practice,"{""Consultation Communication and Listening"": 0.81, ""Overall Service and Practice"": 0.65, ""Reception Service"": 0.63, ""Staff Kindness and Empathy"": 0.84}",5
5/14/25 9:37,Very good,Having waited 2 years for this appointment it all went very smoothly,To have had this appointment sooner,Health-Partners-at-Violet-Melchett,Brompton-Health-PCN,positive,0.923302,neutral,0.620717,13.0,6,5.0,Overall Excellent Service and Practice,Telehealth / Phone Consultations,LZKJyez,M2XZv0,approval,neutral,,,tel_access25,No,0.0,,"{'score': 0.004994055721908808, 'start': 0, 'end': 68, 'answer': 'Having waited 2 years for this appointment it all went very smoothly'}","{'score': 0.02410883456468582, 'start': 0, 'end': 35, 'answer': 'To have had this appointment sooner'}",,Appointment Availability and Lead Times,0.99,Waiting Time at the Surgery,"{""Waiting Time at the Surgery"": 0.66}",2
2/29/24 9:53,Very poor,I have had huge difficulties getting through to the surgery always,,Health-Partners-at-Violet-Melchett,Brompton-Health-PCN,negative,0.873472,neutral,0.0,11.0,0,1.0,Appointment Availability and Waiting Times,,,,sadness,,,,,,,,"{'score': 0.004520866088569164, 'start': 11, 'end': 66, 'answer': 'huge difficulties getting through to the surgery always'}",,,Telephone Access,0.99,,{},1
2/3/26 11:48,Good,I had a scan at C W on 4 December and you have not got a report,,The-Abingdon-Medical-Practice,Brompton-Health-PCN,negative,0.573309,neutral,0.0,16.0,2,4.0,Irrelevant / Unclassifiable / Noise,,A7EMOeW,aQBv9Gy,neutral,,,,admin25,No,0.0,,"{'score': 0.07143926620483398, 'start': 47, 'end': 63, 'answer': 'not got a report'}",,,"Tests, Investigations and Results",1.0,,{},1
12/1/25 13:27,Poor,I was expecting a phone call instead I got email I was not told before hand I do prefer to talk to to my GP I requested a colonoscopy the respond was no He did not give me a concrete reason,Talking to patience unless they request digital,Health-Partners-at-Violet-Melchett,Brompton-Health-PCN,negative,0.723513,neutral,0.869325,39.0,7,2.0,Telehealth / Phone Consultations,Telehealth / Phone Consultations,Np99Xk0,2EAOQeM,neutral,neutral,,,admin25,Yes,3.0,To tell patience if they will be digital or human interaction when they book a call. ,"{'score': 0.28334131836891174, 'start': 153, 'end': 189, 'answer': 'He did not give me a concrete reason'}","{'score': 0.0015436371322721243, 'start': 40, 'end': 47, 'answer': 'digital'}",,Consultation Communication and Listening,0.39,"Telephone Access | Tests, Investigations and Results | Patient Information and Education","{""Patient Information and Education"": 0.7, ""Telephone Access"": 0.78, ""Tests, Investigations and Results"": 0.79}",4
8/1/26 10:12,Very good,The drs are really attentive and helpful and responsive,,Earls-Court-Medical-Centre,Brompton-Health-PCN,positive,0.973613,neutral,0.0,9.0,4,5.0,Excellent Clinical Care and Thorough Explanation,,DqA5G9j,6855Jl5,admiration,,,,accurx26,No,,,"{'score': 0.0011379419593140483, 'start': 0, 'end': 55, 'answer': 'The drs are really attentive and helpful and responsive'}",,,Staff Professionalism and Knowledge,0.59,,{},1
1/31/25 12:03,Very good,I can always see or speak to a doctor,,Earls-Court-Surgery,Brompton-Health-PCN,neutral,0.734891,neutral,0.0,9.0,1,5.0,Telehealth / Phone Consultations,,BvM9dQ,ggoE7K,neutral,,,,nhs_app24,Yes,3.0,My repeat prescription is not on the app,"{'score': 1.3588114597951062e-05, 'start': 0, 'end': 37, 'answer': 'I can always see or speak to a doctor'}",,,Appointment Availability and Lead Times,0.4,,{},1
4/23/26 12:22,Very good,The service at Stanhope Mews is always first class,,Stanhope-Mews-Surgery,Brompton-Health-PCN,positive,0.505352,neutral,0.0,9.0,1,5.0,Overall Excellent Service and Practice,,1Wdp7p4,GxobyDz,neutral,,,,digital26,Yes,5.0,,"{'score': 6.386980385286734e-05, 'start': 39, 'end': 50, 'answer': 'first class'}",,,Overall Service and Practice,0.98,,{},1
3/30/26 12:08,Very good,I am very happy with the service the professionalism of all staff and the care,More privacy at the reception desk,Stanhope-Mews-Surgery,Brompton-Health-PCN,positive,0.980959,neutral,0.803886,15.0,6,5.0,Overall Excellent Service and Practice,Irrelevant / Unclassifiable / Noise,q54rNzG,ODJ7RMA,joy,neutral,,,admin25,Yes,5.0,Efficiency and care,"{'score': 0.004766736179590225, 'start': 10, 'end': 32, 'answer': 'happy with the service'}","{'score': 0.019720757380127907, 'start': 0, 'end': 12, 'answer': 'More privacy'}",,Staff Professionalism and Knowledge,0.78,,{},1
5/31/24 8:12,Very good,The receptionist were very attentive and helpful I was seen by my GP appropriately Thank you for your service,,The-Chelsea-Practice,Brompton-Health-PCN,positive,0.971218,neutral,0.0,19.0,1,5.0,Reception Staff Friendly and Helpful,,OoEl1K,zZVrjq,gratitude,,,,,,,,"{'score': 0.0005253790877759457, 'start': 83, 'end': 109, 'answer': 'Thank you for your service'}",,,Reception Service,0.99,,{},1
6/20/24 13:10,Very good,Consistently high level of care and service at this surgery,,Stanhope-Mews-Surgery,Brompton-Health-PCN,positive,0.884351,neutral,0.0,10.0,1,5.0,Overall Excellent Service and Practice,,from,old_from,admiration,,,,,,,,"{'score': 0.016476117074489594, 'start': 0, 'end': 43, 'answer': 'Consistently high level of care and service'}",,,Overall Service and Practice,0.71,,{},1
3/6/24 13:40,Good,Online appointment booking is great however sometimes struggle to get through to the office And previously despite having said it was a face to face the wrong time was booked However the team is generally lovely,,The-Abingdon-Medical-Practice,Brompton-Health-PCN,negative,0.366506,neutral,0.0,36.0,0,4.0,Appointment Booking and Online Systems,,,,admiration,,,,,,,,"{'score': 0.0023702592588961124, 'start': 183, 'end': 211, 'answer': 'the team is generally lovely'}",,,Digital Booking and Online Systems,0.55,Telephone Access | Staff Kindness and Empathy,"{""Staff Kindness and Empathy"": 0.63, ""Telephone Access"": 0.86}",3
7/31/24 5:43,Very good,Notification when the doctor is running late,,Scarsdale-Medical-Centre,Brompton-Health-PCN,negative,0.536853,neutral,0.0,7.0,0,5.0,Staff Professionalism and Knowledge,,vg977A,4NWyoB,neutral,,,,,,,,"{'score': 2.983467493322678e-05, 'start': 0, 'end': 44, 'answer': 'Notification when the doctor is running late'}",,,Waiting Time at the Surgery,0.97,,{},1
4/15/26 12:57,Very good,The receptionist knew my concerns communicated with the Dr so I received an appointment,No the right Dr contacted me,The-Abingdon-Medical-Practice,Brompton-Health-PCN,neutral,0.839589,neutral,0.508996,15.0,7,5.0,Staff Professionalism and Knowledge,Follow-up and Continuity of Care,2jBP56j,kdR8WZd,neutral,neutral,,,admin25,Yes,5.0,A phone call to clarify . ,"{'score': 0.0014244320336729288, 'start': 25, 'end': 33, 'answer': 'concerns'}","{'score': 0.0035340567119419575, 'start': 0, 'end': 15, 'answer': 'No the right Dr'}",,Reception Service,0.84,,{},1
1/4/24 14:00,Very good,Gp is understanding and compassionate The reception staff are courteous And friendly and always try to help you every way they can,Due to the number of illnesses I suffer from some of which are serious it would be so beneficial to me to have an appointment much sooner based Upon I am In a vulnerable group in relation to my medical problems,Earls-Court-Surgery,Brompton-Health-PCN,positive,0.952338,negative,0.617285,22.0,41,5.0,Reception Staff Friendly and Helpful,Appointment Booking and Online Systems,,,caring,sadness,,,,,,,"{'score': 0.0006502559408545494, 'start': 6, 'end': 37, 'answer': 'understanding and compassionate'}","{'score': 0.10852519422769547, 'start': 71, 'end': 137, 'answer': 'it would be so beneficial to me to have an appointment much sooner'}",,Staff Kindness and Empathy,0.56,Reception Service,"{""Reception Service"": 0.9}",2
8/29/24 9:43,Very poor,doctor raj showed no interest was unfriendly and even9incorrectkly suggested i was registered at another surgery i needed a fitnote and she made me feel like a scrounger i have no wish to see this doctor again,a prpoer doctor like the ones i had in colville health centre who showed some interest in my health,Earls-Court-Medical-Centre,Brompton-Health-PCN,negative,0.936901,neutral,0.617288,37.0,19,1.0,Reception Staff Rude or Unhelpful,Staff Professionalism and Knowledge,dVKakz,E8KlbX,disapproval,neutral,,,,,,,"{'score': 0.043135229498147964, 'start': 158, 'end': 169, 'answer': 'a scrounger'}","{'score': 0.10362226516008377, 'start': 0, 'end': 15, 'answer': 'a prpoer doctor'}",,Staff Kindness and Empathy,0.35,"Consultation Communication and Listening | Staff Professionalism and Knowledge | Respect, Dignity, Privacy and Inclusion","{""Consultation Communication and Listening"": 0.75, ""Respect, Dignity, Privacy and Inclusion"": 0.61, ""Staff Professionalism and Knowledge"": 0.73}",4
2/29/24 12:31,Neither good nor poor,overall the service is Good moving the surgery has been challenging due to the time it takes to get there now used to be 10 mins its now 50 mins,,Health-Partners-at-Violet-Melchett,Brompton-Health-PCN,neutral,0.410197,neutral,0.0,31.0,0,3.0,Waiting Time in Surgery / Waiting Room,,,,neutral,,,,,,,,"{'score': 0.00013508005940821022, 'start': 23, 'end': 67, 'answer': 'Good moving the surgery has been challenging'}",,,Physical Accessibility,0.58,Overall Service and Practice,"{""Overall Service and Practice"": 0.8}",2
8/23/24 6:58,Very good,It was very fast and very responsive,,Emperors-Gate-Health-Centre,Brompton-Health-PCN,positive,0.956804,neutral,0.0,7.0,3,5.0,Overall Excellent Service and Practice,,95NoEQ,r0M6JN,admiration,,,,,,,,"{'score': 0.008238755166530609, 'start': 0, 'end': 36, 'answer': 'It was very fast and very responsive'}",,,Overall Service and Practice,0.36,,{},1
7/25/25 12:24,Very poor,I m a accessible person and was made to feel very tiny indeed when speaking to the person,Yes they should be made aware of how a person feels when speaking to the PERSON it s not their fault,Health-Partners-at-Violet-Melchett,Brompton-Health-PCN,neutral,0.586633,neutral,0.583184,17.0,22,1.0,Reception Staff Rude or Unhelpful,Excellent Clinical Care and Thorough Explanation,J9L2o1r,M08Plp,neutral,neutral,,['Doctor'],tel_access25,No,0.0,,"{'score': 0.024026894941926003, 'start': 6, 'end': 54, 'answer': 'accessible person and was made to feel very tiny'}","{'score': 0.025980649515986443, 'start': 4, 'end': 79, 'answer': 'they should be made aware of how a person feels when speaking to the PERSON'}",,"Respect, Dignity, Privacy and Inclusion",0.45,,{},1
11/26/25 17:05,Very good,People are so friendly even when they are busy,,The-Abingdon-Medical-Practice,Brompton-Health-PCN,positive,0.908706,neutral,0.0,9.0,4,5.0,"Staff Kindness, Empathy and Compassion",,BzVpA4N,pboyvxZ,admiration,,,,admin25,Yes,5.0,The people are amazing even when u can see they are busy on the phone etc,"{'score': 0.007384736556559801, 'start': 42, 'end': 46, 'answer': 'busy'}",,,Staff Kindness and Empathy,0.99,,{},1
2/29/24 20:26,Very good,I am happy to say that all requests for appointments have always been accessible and prescriptions followed up without delay,,Scarsdale-Medical-Centre,Brompton-Health-PCN,positive,0.954345,neutral,0.0,20.0,0,5.0,Staff Professionalism and Knowledge,,,,joy,,,,,,,,"{'score': 0.019287429749965668, 'start': 23, 'end': 124, 'answer': 'all requests for appointments have always been accessible and prescriptions followed up without delay'}",,,Appointment Availability and Lead Times,0.94,Prescriptions and Medication Management | Follow-up and Continuity of Care,"{""Follow-up and Continuity of Care"": 0.74, ""Prescriptions and Medication Management"": 0.82}",3
2/15/25 9:55,Very good,It all went ahread on time znd I was completely satisfied with my experience,,The-Chelsea-Practice,Brompton-Health-PCN,positive,0.914779,neutral,0.0,14.0,1,5.0,Overall Excellent Service and Practice,,J5qRoK,RggVDl,joy,,,,nhs_app24,No,0.0,,"{'score': 0.0010176327778026462, 'start': 48, 'end': 76, 'answer': 'satisfied with my experience'}",,,Waiting Time at the Surgery,0.62,,{},1
8/18/25 16:36,Good,The doctor was very kind to accept my request for a visit face to face on the same morning Instead I can t understand why receptionist at the phone trying to send the patient me to a different GP,,Emperors-Gate-Health-Centre,Brompton-Health-PCN,neutral,0.527604,neutral,0.0,39.0,0,4.0,Staff Professionalism and Knowledge,,kdRDNRd,6X7r2k,confusion,,,,needs_met25,Yes,5.0,,"{'score': 0.07879886776208878, 'start': 122, 'end': 195, 'answer': 'receptionist at the phone trying to send the patient me to a different GP'}",,,Reception Service,0.78,Telephone Access | Staff Kindness and Empathy,"{""Staff Kindness and Empathy"": 0.79, ""Telephone Access"": 0.82}",3
4/2/26 14:06,Very good,Mr PERSON is very professional and always puts me at ease with his high level of competence,,Health-Partners-at-Violet-Melchett,Brompton-Health-PCN,positive,0.952445,neutral,0.0,17.0,1,5.0,Overall Excellent Service and Practice,,LDDXDPj,PdXbN95,admiration,,['Safi'],,admin25,No,0.0,,"{'score': 0.007991046644747257, 'start': 0, 'end': 57, 'answer': 'Mr PERSON is very professional and always puts me at ease'}",,,Staff Professionalism and Knowledge,1.0,,{},1
8/10/26 5:22,Very good,Because I have the best Doctor PERSON who apart to be a very good professional is an amazing person also PERSON PERSON the girls working in the reception they are very helpful kind and nice people I need including the 2 lady s to take the blood text unfortunately idontcremember that he name all of them make me feel at home Thank you very much all of you,Nothing for me is perfect just keeping this nice service and actitud,Emperors-Gate-Health-Centre,Brompton-Health-PCN,positive,0.96509,negative,0.433176,69.0,12,5.0,Reception Staff Friendly and Helpful,"Staff Kindness, Empathy and Compassion",Z91PZ4V,RGaBlVQ,gratitude,admiration,"['Emely Baker', 'Veronica', 'Juliet']",,accurx26,No,,,"{'score': 0.14100995659828186, 'start': 0, 'end': 37, 'answer': 'Because I have the best Doctor PERSON'}","{'score': 0.35166409611701965, 'start': 0, 'end': 25, 'answer': 'Nothing for me is perfect'}",,Staff Kindness and Empathy,0.6,Reception Service,"{""Reception Service"": 0.84}",2
10/29/24 8:55,Very good,Every time I came with my appointment it s always on time,,Stanhope-Mews-Surgery,Brompton-Health-PCN,positive,0.864892,neutral,0.0,11.0,0,5.0,Overall Excellent Service and Practice,,r95Q8p,1pPDaM,neutral,,,,flu_campaign_24,Yes,0.0,,"{'score': 0.013414334505796432, 'start': 43, 'end': 57, 'answer': 'always on time'}",,,Waiting Time at the Surgery,0.99,,{},1
6/23/25 12:45,Very good,Staff are all very helpful friendly and knowledgeable,,The-Chelsea-Practice,Brompton-Health-PCN,positive,0.967191,neutral,0.0,8.0,1,5.0,Staff Professionalism and Knowledge,,D4N8PkE,bpx602,admiration,,,,tel_access25,Yes,5.0,,"{'score': 0.0002981916768476367, 'start': 0, 'end': 53, 'answer': 'Staff are all very helpful friendly and knowledgeable'}",,,Staff Professionalism and Knowledge,0.96,,{},1
6/1/25 20:03,Very good,I ve found professional who treated me kindly with respect,,Earls-Court-Surgery,Brompton-Health-PCN,positive,0.823374,neutral,0.0,9.0,0,5.0,"Staff Kindness, Empathy and Compassion",,ODGkZQg,VOyRPN,admiration,,,,tel_access25,Yes,5.0,All good ,"{'score': 0.00018364419520366937, 'start': 0, 'end': 58, 'answer': 'I ve found professional who treated me kindly with respect'}",,,Staff Kindness and Empathy,0.64,,{},1
9/24/24 19:08,Very good,I got timely appointment with a very good doctor The receptionist was very courteous and efficient,,Kensington-Park-Medical-Centre,Brompton-Health-PCN,positive,0.974016,neutral,0.0,16.0,1,5.0,Reception Staff Friendly and Helpful,,YKozv0,6AxVNJ,admiration,,,,,,,,"{'score': 0.0006544417701661587, 'start': 0, 'end': 48, 'answer': 'I got timely appointment with a very good doctor'}",,,Appointment Availability and Lead Times,0.75,Reception Service,"{""Reception Service"": 0.9}",2
9/24/24 10:16,Very good,Full marks to Dr PERSON listening empathy and I felt like being listened to and helpful,Less waiting time for an appointment,Stanhope-Mews-Surgery,Brompton-Health-PCN,positive,0.964676,neutral,0.528259,17.0,6,5.0,"Staff Kindness, Empathy and Compassion",Appointment Availability and Waiting Times,kQ70BZ,8Akdd5,approval,neutral,['Will'],,,,,,"{'score': 0.0002437283837934956, 'start': 46, 'end': 87, 'answer': 'I felt like being listened to and helpful'}","{'score': 0.06195889040827751, 'start': 0, 'end': 17, 'answer': 'Less waiting time'}",,Consultation Communication and Listening,0.94,Staff Kindness and Empathy,"{""Staff Kindness and Empathy"": 0.79}",2
2/22/24 15:19,Good,Overall Good Staff is friendly and GP is responsive Premises could do with a bit of a facelift Website could offer more interactive features as not all the ones listed are actually available,,Earls-Court-Surgery,Brompton-Health-PCN,positive,0.863695,neutral,0.0,33.0,0,4.0,Reception Staff Friendly and Helpful,,,,neutral,,,,,,,,"{'score': 0.0027745957486331463, 'start': 8, 'end': 51, 'answer': 'Good Staff is friendly and GP is responsive'}",,,Overall Service and Practice,0.36,"Facilities, Cleanliness and Environment | Website and Practice Information","{""Facilities, Cleanliness and Environment"": 0.75, ""Website and Practice Information"": 0.88}",3
1/20/26 19:06,Very good,It looks like new young doctors care more and better about their patients,Apparently I need an eye test but it looks like NHS do not provided that service as if the eyes are not part of the body,Emperors-Gate-Health-Centre,Brompton-Health-PCN,positive,0.917722,negative,0.741371,13.0,26,5.0,"Staff Kindness, Empathy and Compassion",Irrelevant / Unclassifiable / Noise,VL6rDJl,rj6E2WL,approval,neutral,,,admin25,No,0.0,,"{'score': 0.008677776902914047, 'start': 14, 'end': 73, 'answer': 'new young doctors care more and better about their patients'}","{'score': 0.12879402935504913, 'start': 48, 'end': 80, 'answer': 'NHS do not provided that service'}",,Staff Kindness and Empathy,0.8,,{},1
6/22/24 14:53,Very good,I have confidence in the doctors I have seen,,Stanhope-Mews-Surgery,Brompton-Health-PCN,positive,0.831384,neutral,0.0,9.0,1,5.0,Overall Excellent Service and Practice,,from,old_from,optimism,,,,,,,,"{'score': 0.0006796030211262405, 'start': 7, 'end': 44, 'answer': 'confidence in the doctors I have seen'}",,,Staff Professionalism and Knowledge,1.0,,{},1
3/17/26 16:49,Poor,First appointment was more of a fob off Come back in 2 weeks if it still hurts Second appointment Didn t seem to know what was wrong directed to physio Physio appointment Diagnosed wrong and gave wrong advice Had to pay for a specialist to do a scan as no scan was offered before Out come was a completely different diagnosis that requires more scans and treatment,I would have expected a scan to find out what was actually wrong with me instead of attending numerous appointments for nothing,Health-Partners-at-Violet-Melchett,Brompton-Health-PCN,negative,0.840325,negative,0.84522,67.0,22,2.0,Rushed Consultation or Not Listened To,Irrelevant / Unclassifiable / Noise,8NoKo1z,pbWejzE,confusion,neutral,,,admin25,Yes,3.0,,"{'score': 0.0003830399364233017, 'start': 98, 'end': 132, 'answer': 'Didn t seem to know what was wrong'}","{'score': 0.19230547547340393, 'start': 22, 'end': 28, 'answer': 'a scan'}",,Clinical Assessment and Diagnosis,1.0,"Tests, Investigations and Results | Referral, Specialist and Hospital Coordination | Follow-up and Continuity of Care | Staff Professionalism and Knowledge","{""Follow-up and Continuity of Care"": 0.65, ""Referral, Specialist and Hospital Coordination"": 0.66, ""Staff Professionalism and Knowledge"": 0.77, ""Tests, Investigations and Results"": 0.87}",5
6/6/26 16:12,Good,Prompt connection with a doctor who came to see me,,Health-Partners-at-Violet-Melchett,Brompton-Health-PCN,neutral,0.79877,neutral,0.0,10.0,2,4.0,Telehealth / Phone Consultations,,0VMo846,A74KqPD,neutral,,,,digital26,No,,,"{'score': 4.0726536099100485e-06, 'start': 0, 'end': 31, 'answer': 'Prompt connection with a doctor'}",,,Appointment Availability and Lead Times,0.66,,{},1
9/30/24 8:24,Very good,Amazingly responsive service Recently changed from another practice and the level of depth and ease of communication is phenomenally better,,The-Chelsea-Practice,Brompton-Health-PCN,positive,0.974841,neutral,0.0,20.0,0,5.0,Excellent Clinical Care and Thorough Explanation,,Wk79pN,aKzlrq,admiration,,,,,,,,"{'score': 0.00013011381088290364, 'start': 120, 'end': 139, 'answer': 'phenomenally better'}",,,Consultation Communication and Listening,0.68,Overall Service and Practice,"{""Overall Service and Practice"": 0.62}",2
1/28/26 11:23,Good,Conversation over the phone went smoothly and with respect,,The-Abingdon-Medical-Practice,Brompton-Health-PCN,positive,0.600016,neutral,0.0,9.0,1,4.0,Telehealth / Phone Consultations,,Y56LZrq,A7doXaN,approval,,,,admin25,Yes,4.0,Staff were friendly and respectful.,"{'score': 9.406806384504307e-06, 'start': 0, 'end': 27, 'answer': 'Conversation over the phone'}",,,Remote Consultation,0.54,,{},1
3/8/24 23:16,Very good,The service from the receptionist has been Very good always kind and will get a dr to call you back,,Health-Partners-at-Violet-Melchett,Brompton-Health-PCN,positive,0.974303,neutral,0.0,20.0,1,5.0,Reception Staff Friendly and Helpful,,,,admiration,,,,,,,,"{'score': 0.0027765037957578897, 'start': 0, 'end': 64, 'answer': 'The service from the receptionist has been Very good always kind'}",,,Reception Service,1.0,Staff Kindness and Empathy,"{""Staff Kindness and Empathy"": 0.83}",2
3/2/26 14:16,Poor,Long awaited appointment cancelled on day no replacement appointment available not the first time this has happened,To have been called and offered another date Previous time it happened they said they would try contact to remake but no attempt was made,Health-Partners-at-Violet-Melchett,Brompton-Health-PCN,negative,0.867967,neutral,0.764502,18.0,26,2.0,Appointment Booking and Online Systems,Follow-up and Continuity of Care,44gka8Y,Gx0Ekrk,disappointment,neutral,,,admin25,Yes,5.0,Helpful & did what they promised in terms of calling back.,"{'score': 2.6040876036859117e-05, 'start': 0, 'end': 78, 'answer': 'Long awaited appointment cancelled on day no replacement appointment available'}","{'score': 0.01578151248395443, 'start': 118, 'end': 137, 'answer': 'no attempt was made'}",,Appointment Availability and Lead Times,1.0,Follow-up and Continuity of Care,"{""Follow-up and Continuity of Care"": 0.61}",2
2/17/26 17:39,Very good,Dr PERSON called me back promptly listened with full attention and then decided I needed to be seen by a specialist She booked me in while I was on the phone so the handover was seamless and required no agency in my part The specialist examined me and swiftly organised a physio appointment for the following day and referral to Phsiotherapy Women s health Pelvic Triage for further care,Yes I had been held up for over a hour at the hospital pharmacy queuing for over A hour to collect my RA medication I called ahead to the surgery reception out of courtesy explaining the situation and saying that I d do my best to get to my appointment on time but that there was a possibility I d be a little late The senior receptionist told me that there would be no way I d be seen if I wasn t on time and suggested we reschedule I wasn t able to attend at any of the suggested times so said I d keep my appointment and do my best to make it on time She reiterated that I d not be seen if I was at all late When I got there 5 minutes late the young receptionist who greeted me was helpful and not at all phased when I explained that I would have to go and park my car I was seen as soon as I had done that with no sign that there was any problem I felt the senior receptionist s attitude was unhelpful and unnecessary It made me feel quite upset Also it would be great to have been able to be seen more quickly at the hospital but the surgery presumably has no control over that Also the physio exercises are helping in the interim,Stanhope-Mews-Surgery,Brompton-Health-PCN,neutral,0.64635,negative,0.715342,68.0,226,5.0,Telehealth / Phone Consultations,Reception Staff Rude or Unhelpful,PdKPVDQ,Ek1EPa4,neutral,disappointment,['Derwent'],,admin25,Yes,5.0,"Referrals were efficient, front desk staff very friendly and efficient too. ","{'score': 0.004399153869599104, 'start': 191, 'end': 220, 'answer': 'required no agency in my part'}","{'score': 0.06474550068378448, 'start': 955, 'end': 1014, 'answer': 'it would be great to have been able to be seen more quickly'}",,"Referral, Specialist and Hospital Coordination",0.99,Appointment Availability and Lead Times | Telephone Access | Follow-up and Continuity of Care | Consultation Communication and Listening,"{""Appointment Availability and Lead Times"": 0.64, ""Consultation Communication and Listening"": 0.81, ""Follow-up and Continuity of Care"": 0.65, ""Telephone Access"": 0.66}",5
7/25/24 9:10,Very good,GP always returns calls follow up on problems Nurses very sensible and caring,,Stanhope-Mews-Surgery,Brompton-Health-PCN,positive,0.812413,neutral,0.0,13.0,3,5.0,Follow-up and Continuity of Care,,AaJ04y,12OOlL,caring,,,,,,,,"{'score': 1.4875603483233135e-05, 'start': 46, 'end': 77, 'answer': 'Nurses very sensible and caring'}",,,Follow-up and Continuity of Care,0.77,Telephone Access | Staff Kindness and Empathy,"{""Staff Kindness and Empathy"": 0.75, ""Telephone Access"": 0.69}",3
1/28/25 1:45,Very good,All doctors are very helpful and professional It was easy to get appointments for analysis check and advice regarding the results,,Scarsdale-Medical-Centre,Brompton-Health-PCN,positive,0.937599,neutral,0.0,21.0,0,5.0,Staff Professionalism and Knowledge,,Manual ,Import,approval,,,,,,,,"{'score': 0.0029477612115442753, 'start': 0, 'end': 45, 'answer': 'All doctors are very helpful and professional'}",,,Staff Professionalism and Knowledge,0.58,"Appointment Availability and Lead Times | Tests, Investigations and Results","{""Appointment Availability and Lead Times"": 0.83, ""Tests, Investigations and Results"": 0.78}",3
9/1/26 11:13,Very good,The GP throughly listened to my concerns and determined next steps to investigate what is going on,,Health-Partners-at-Violet-Melchett,Brompton-Health-PCN,neutral,0.723755,neutral,0.0,17.0,1,5.0,Excellent Clinical Care and Thorough Explanation,,Qo46VPg,WOXLMzv,approval,,,,accurx26,Yes,5.0,It was easy to fill in and I received follow up the same day.,"{'score': 0.004146305378526449, 'start': 32, 'end': 40, 'answer': 'concerns'}",,,Consultation Communication and Listening,0.82,,{},1
5/5/25 15:49,Very good,I was treated kindly efficiently and effectively by Dr PERSON eling which I appreciated,,Health-Partners-at-Violet-Melchett,Brompton-Health-PCN,positive,0.95839,neutral,0.0,13.0,5,5.0,Treatment Quality and Effectiveness,,D4ke6OR,YrO2Nq,admiration,,"['Ke', '##g']",,tel_access25,Yes,5.0,,"{'score': 0.00012774637434631586, 'start': 0, 'end': 67, 'answer': 'I was treated kindly efficiently and effectively by Dr PERSON eling'}",,,Staff Kindness and Empathy,0.72,,{},1
1/17/25 19:48,Very good,KPMC provides exceptional care and healthcare,,Kensington-Park-Medical-Centre,Brompton-Health-PCN,positive,0.857919,neutral,0.0,6.0,1,5.0,Overall Excellent Service and Practice,,7yQNNA,0G7xZZ,admiration,,,,nhs_app24,No,0.0,,"{'score': 1.0619752401908045e-06, 'start': 0, 'end': 4, 'answer': 'KPMC'}",,,Overall Service and Practice,0.97,,{},1
4/14/26 17:24,Very good,I wrote on Patches and the GP called me the very next day,,Health-Partners-at-Violet-Melchett,Brompton-Health-PCN,neutral,0.878363,neutral,0.0,13.0,1,5.0,Telehealth / Phone Consultations,,4aBaGAo,lbl9L1X,neutral,,,,admin25,No,0.0,,"{'score': 0.00022958777844905853, 'start': 0, 'end': 18, 'answer': 'I wrote on Patches'}",,,Feedback and Complaints Handling,0.44,,{},1
9/2/24 20:54,Very poor,Doctor was very rude and she was in a rush because she said they are closing soon and she is tired and did not even help me with my condition just asked me to be patient,Yes You need to keep check on doctors ohone calls and if they are not helping you need to take some action by taking people identity hidden,Emperors-Gate-Health-Centre,Brompton-Health-PCN,negative,0.91667,neutral,0.585438,36.0,27,1.0,Rushed Consultation or Not Listened To,Telehealth / Phone Consultations,RleoPJ,L5GP6v,annoyance,approval,,,,,,,"{'score': 0.06630466133356094, 'start': 60, 'end': 81, 'answer': 'they are closing soon'}","{'score': 0.041620105504989624, 'start': 54, 'end': 77, 'answer': 'if they are not helping'}",,Consultation Communication and Listening,0.88,"Staff Kindness and Empathy | Staff Professionalism and Knowledge | Respect, Dignity, Privacy and Inclusion","{""Respect, Dignity, Privacy and Inclusion"": 0.61, ""Staff Kindness and Empathy"": 0.86, ""Staff Professionalism and Knowledge"": 0.72}",4
9/3/24 12:00,Very good,Amazing GP and a good receptionist,,Kensington-Park-Medical-Centre,Brompton-Health-PCN,positive,0.970255,neutral,0.0,6.0,1,5.0,Overall Excellent Service and Practice,,DyG26R,ZPJree,admiration,,,['No'],,,,,"{'score': 1.5512288200625335e-06, 'start': 0, 'end': 10, 'answer': 'Amazing GP'}",,,Staff Professionalism and Knowledge,0.63,Reception Service,"{""Reception Service"": 0.83}",2
5/21/24 15:10,Very good,Very good support from the doctors and the whole team The doctors are knowledgeable and always ready to solve any medical problem,,Stanhope-Mews-Surgery,Brompton-Health-PCN,positive,0.969703,neutral,0.0,22.0,0,5.0,Staff Professionalism and Knowledge,,d8GYxN,AxDqk0,admiration,,,,,,,,"{'score': 0.01121707633137703, 'start': 54, 'end': 129, 'answer': 'The doctors are knowledgeable and always ready to solve any medical problem'}",,,Staff Professionalism and Knowledge,0.99,,{},1
8/1/25 15:20,Good,It s been easy to get repeat prescriptions but trying to get a new medication added has been very difficult I have often sent through requests and nothing has happened,It would be helpful to receive messages to let patients know when an action has been taken e g letting patients know that their medication is at the pharmacy,Earls-Court-Medical-Centre,Brompton-Health-PCN,negative,0.722128,neutral,0.8603,29.0,28,4.0,Prescriptions and Repeat Medication Issues,Prescriptions and Repeat Medication Issues,KYDYgZA,9ezYKQ,disappointment,neutral,,,tel_access25,Yes,5.0,,"{'score': 0.012144473381340504, 'start': 147, 'end': 167, 'answer': 'nothing has happened'}","{'score': 0.08290474861860275, 'start': 23, 'end': 39, 'answer': 'receive messages'}",,Prescriptions and Medication Management,1.0,,{},1
7/30/26 10:38,Very good,On time fast very polite staff,,Earls-Court-Medical-Centre,Brompton-Health-PCN,positive,0.959107,neutral,0.0,6.0,1,5.0,Staff Professionalism and Knowledge,,VpvpKz6,1A5GqkM,neutral,,,,accurx26,No,,,"{'score': 6.716994448652258e-06, 'start': 0, 'end': 30, 'answer': 'On time fast very polite staff'}",,,Waiting Time at the Surgery,0.62,,{},1
7/11/25 9:56,Very good,Friendly at reception I collected a prescription,,Stanhope-Mews-Surgery,Brompton-Health-PCN,positive,0.72781,neutral,0.0,7.0,3,5.0,Reception Staff Friendly and Helpful,,VLlWxGy,8XjDAr,neutral,,,,tel_access25,No,0.0,,"{'score': 9.88217266240099e-07, 'start': 0, 'end': 48, 'answer': 'Friendly at reception I collected a prescription'}",,,Reception Service,0.82,Staff Kindness and Empathy,"{""Staff Kindness and Empathy"": 0.62}",2
6/14/26 10:35,Very good,Professional physician assistant I felt I was listened to and not rushed I got the advice I needed Very informative Thank you,Did not see a fault at all,The-Good-Practice,Brompton-Health-PCN,positive,0.950067,neutral,0.564321,22.0,7,5.0,Excellent Clinical Care and Thorough Explanation,Overall Excellent Service and Practice,Eq0Z9gl,dWvMEoV,gratitude,neutral,,,digital26,No,,,"{'score': 0.025075823068618774, 'start': 33, 'end': 72, 'answer': 'I felt I was listened to and not rushed'}","{'score': 0.0766330137848854, 'start': 0, 'end': 19, 'answer': 'Did not see a fault'}",,Consultation Communication and Listening,1.0,Staff Professionalism and Knowledge | Patient Information and Education,"{""Patient Information and Education"": 0.76, ""Staff Professionalism and Knowledge"": 0.67}",3
5/29/25 14:01,Very good,Dr PERSON is a very professional and respected doctor As always I had a very good experience with him He showed alot of sympathy and manged to prescribe the right medication for my symptom Thank you,,Earls-Court-Surgery,Brompton-Health-PCN,positive,0.958419,neutral,0.0,36.0,1,5.0,Excellent Clinical Care and Thorough Explanation,,vGYyAqg,pp4Jd8,gratitude,,['Adeib'],,tel_access25,Yes,5.0,All good.,"{'score': 0.008476088754832745, 'start': 0, 'end': 9, 'answer': 'Dr PERSON'}",,,Staff Professionalism and Knowledge,0.81,Prescriptions and Medication Management | Staff Kindness and Empathy,"{""Prescriptions and Medication Management"": 0.81, ""Staff Kindness and Empathy"": 0.64}",3
9/24/24 8:24,Very good,I feel happy and grateful with your services,,Stanhope-Mews-Surgery,Brompton-Health-PCN,positive,0.985432,neutral,0.0,8.0,4,5.0,Overall Excellent Service and Practice,,ypE2bd,OdPQM7,joy,,,,,,,,"{'score': 0.03819817304611206, 'start': 7, 'end': 25, 'answer': 'happy and grateful'}",,,Overall Service and Practice,0.99,,{},1
10/3/25 16:21,Very good,Quick efficient and no waiting time,,The-Chelsea-Practice,Brompton-Health-PCN,positive,0.789871,neutral,0.0,6.0,1,5.0,Overall Excellent Service and Practice,,zxL527k,J91KGv7,neutral,,,,needs_met25,No,0.0,,"{'score': 0.0006943551125004888, 'start': 0, 'end': 35, 'answer': 'Quick efficient and no waiting time'}",,,Waiting Time at the Surgery,0.94,,{},1
9/26/24 12:25,Very good,I am so happy and proud to be a patient at the Stanhope Mews Surgery Everyone from the receptionist to the amazing Dr s including Dr PERSON are massively dedicated always finding time in their hectic schedule to speak cajole and dispense advise on any minor or major health issues for which I am eternally grateful,Sadly at times my repeat prescriptions do get cancelled This makes it incredibly frustrating in trying to restore their original status and becomes a crazy waste of everyone s time,Stanhope-Mews-Surgery,Brompton-Health-PCN,positive,0.978423,negative,0.924371,56.0,29,5.0,Excellent Clinical Care and Thorough Explanation,Prescriptions and Repeat Medication Issues,KNGOAA,4ANvaA,joy,annoyance,['Charlotte Moon'],,,,,,"{'score': 0.0072965617291629314, 'start': 8, 'end': 23, 'answer': 'happy and proud'}","{'score': 0.08732341229915619, 'start': 18, 'end': 55, 'answer': 'repeat prescriptions do get cancelled'}",,Consultation Communication and Listening,0.47,Staff Kindness and Empathy,"{""Staff Kindness and Empathy"": 0.75}",2
7/15/26 11:17,Very good,I m a new patient and so far my experience has been very good,,Health-Partners-at-Violet-Melchett,Brompton-Health-PCN,positive,0.976867,neutral,0.0,14.0,0,5.0,Overall Excellent Service and Practice,,J1V16KY,xXor0Wd,admiration,,,,accurx26,No,,,"{'score': 0.007123389281332493, 'start': 22, 'end': 61, 'answer': 'so far my experience has been very good'}",,,Overall Service and Practice,1.0,,{},1
1/6/25 16:44,Very good,As always every one is great,,Health-Partners-at-Violet-Melchett,Brompton-Health-PCN,positive,0.978745,neutral,0.0,6.0,1,5.0,Overall Excellent Service and Practice,,57pW8Q,OV1Mk8,admiration,,,,nhs_app24,Yes,5.0,Nothing it’s a great app ,"{'score': 0.003768992144614458, 'start': 10, 'end': 28, 'answer': 'every one is great'}",,,Overall Service and Practice,0.91,,{},1
8/15/24 18:57,Very good,i was satisfied the staff was kind and the service quick,,Health-Partners-at-Violet-Melchett,Brompton-Health-PCN,positive,0.957773,neutral,0.0,11.0,3,5.0,Reception Staff Friendly and Helpful,,rpgG1M,KobKEg,approval,,,,,,,,"{'score': 0.012658151797950268, 'start': 6, 'end': 15, 'answer': 'satisfied'}",,,Staff Kindness and Empathy,0.93,,{},1
4/23/24 18:54,Very good,It was all efficient friendly and quick,,Stanhope-Mews-Surgery,Brompton-Health-PCN,positive,0.927028,neutral,0.0,7.0,0,5.0,Overall Excellent Service and Practice,,,,admiration,,,,,,,,"{'score': 0.0011718946043401957, 'start': 0, 'end': 39, 'answer': 'It was all efficient friendly and quick'}",,,Overall Service and Practice,0.81,,{},1
11/21/25 3:39,Neither good or poor,I was there to ask for a referral for my allergy The doctor was not very known about my condition and possible treatments I got no advice no referral I was asked to provide documents about my past exams Fair enough but I have allergy now The past can be useful but nothing was done to address the present referral to a specialist or other stuff of this kind,,Scarsdale-Medical-Centre,Brompton-Health-PCN,negative,0.71169,neutral,0.0,69.0,0,,Staff Professionalism and Knowledge,,,,neutral,,,,,,,,"{'score': 0.00711989589035511, 'start': 219, 'end': 237, 'answer': 'I have allergy now'}",,,"Referral, Specialist and Hospital Coordination",0.96,Staff Professionalism and Knowledge | Patient Information and Education,"{""Patient Information and Education"": 0.63, ""Staff Professionalism and Knowledge"": 0.74}",3
7/1/26 10:31,Very good,Short waiting times quick telephone response,,Health-Partners-at-Violet-Melchett,Brompton-Health-PCN,positive,0.703087,neutral,0.0,6.0,0,5.0,Appointment Availability and Waiting Times,,aOEPoQ9,MeG5o2l,neutral,,,,digital26,Yes,5.0,,"{'score': 0.00014389325224328786, 'start': 0, 'end': 44, 'answer': 'Short waiting times quick telephone response'}",,,Waiting Time at the Surgery,0.51,Telephone Access,"{""Telephone Access"": 0.86}",2
